video_id,gloss,split,processed_path,gloss_id
69241,book,train,processed_sequences\train\69241.npy,0
7069,book,train,processed_sequences\train\7069.npy,0
7068,book,train,processed_sequences\train\7068.npy,0
7070,book,train,processed_sequences\train\7070.npy,0
7099,book,val,processed_sequences\val\7099.npy,0
7074,book,train,processed_sequences\train\7074.npy,0
69302,drink,val,processed_sequences\val\69302.npy,1
65539,drink,train,processed_sequences\train\65539.npy,1
17710,drink,train,processed_sequences\train\17710.npy,1
17733,drink,train,processed_sequences\train\17733.npy,1
65540,drink,train,processed_sequences\train\65540.npy,1
17734,drink,val,processed_sequences\val\17734.npy,1
17711,drink,train,processed_sequences\train\17711.npy,1
17712,drink,train,processed_sequences\train\17712.npy,1
17713,drink,test,processed_sequences\test\17713.npy,1
17709,drink,train,processed_sequences\train\17709.npy,1
17720,drink,train,processed_sequences\train\17720.npy,1
17721,drink,train,processed_sequences\train\17721.npy,1
17722,drink,train,processed_sequences\train\17722.npy,1
17723,drink,train,processed_sequences\train\17723.npy,1
17724,drink,val,processed_sequences\val\17724.npy,1
12328,computer,train,processed_sequences\train\12328.npy,2
12312,computer,val,processed_sequences\val\12312.npy,2
12311,computer,train,processed_sequences\train\12311.npy,2
12338,computer,train,processed_sequences\train\12338.npy,2
12313,computer,train,processed_sequences\train\12313.npy,2
12314,computer,train,processed_sequences\train\12314.npy,2
12315,computer,val,processed_sequences\val\12315.npy,2
12316,computer,train,processed_sequences\train\12316.npy,2
12317,computer,train,processed_sequences\train\12317.npy,2
12318,computer,train,processed_sequences\train\12318.npy,2
12319,computer,train,processed_sequences\train\12319.npy,2
12320,computer,test,processed_sequences\test\12320.npy,2
12326,computer,val,processed_sequences\val\12326.npy,2
12327,computer,train,processed_sequences\train\12327.npy,2
5728,before,train,processed_sequences\train\5728.npy,3
5749,before,train,processed_sequences\train\5749.npy,3
5750,before,val,processed_sequences\val\5750.npy,3
5729,before,train,processed_sequences\train\5729.npy,3
5730,before,train,processed_sequences\train\5730.npy,3
65167,before,train,processed_sequences\train\65167.npy,3
5731,before,train,processed_sequences\train\5731.npy,3
5732,before,train,processed_sequences\train\5732.npy,3
5733,before,train,processed_sequences\train\5733.npy,3
5734,before,train,processed_sequences\train\5734.npy,3
5727,before,test,processed_sequences\test\5727.npy,3
5739,before,test,processed_sequences\test\5739.npy,3
5740,before,train,processed_sequences\train\5740.npy,3
5741,before,test,processed_sequences\test\5741.npy,3
5742,before,train,processed_sequences\train\5742.npy,3
5743,before,train,processed_sequences\train\5743.npy,3
9848,chair,train,processed_sequences\train\9848.npy,4
9869,chair,train,processed_sequences\train\9869.npy,4
9849,chair,train,processed_sequences\train\9849.npy,4
9850,chair,train,processed_sequences\train\9850.npy,4
9851,chair,val,processed_sequences\val\9851.npy,4
65328,chair,train,processed_sequences\train\65328.npy,4
9854,chair,val,processed_sequences\val\9854.npy,4
69345,go,val,processed_sequences\val\69345.npy,5
24955,go,train,processed_sequences\train\24955.npy,5
24956,go,train,processed_sequences\train\24956.npy,5
24941,go,train,processed_sequences\train\24941.npy,5
24960,go,test,processed_sequences\test\24960.npy,5
24961,go,train,processed_sequences\train\24961.npy,5
24962,go,train,processed_sequences\train\24962.npy,5
65824,go,train,processed_sequences\train\65824.npy,5
24973,go,train,processed_sequences\train\24973.npy,5
24943,go,train,processed_sequences\train\24943.npy,5
24946,go,val,processed_sequences\val\24946.npy,5
24947,go,train,processed_sequences\train\24947.npy,5
24940,go,train,processed_sequences\train\24940.npy,5
24952,go,val,processed_sequences\val\24952.npy,5
24954,go,train,processed_sequences\train\24954.npy,5
11310,clothes,train,processed_sequences\train\11310.npy,6
11330,clothes,train,processed_sequences\train\11330.npy,6
11311,clothes,test,processed_sequences\test\11311.npy,6
11313,clothes,train,processed_sequences\train\11313.npy,6
11309,clothes,train,processed_sequences\train\11309.npy,6
69534,who,train,processed_sequences\train\69534.npy,7
63242,who,train,processed_sequences\train\63242.npy,7
63226,who,test,processed_sequences\test\63226.npy,7
63227,who,train,processed_sequences\train\63227.npy,7
63228,who,train,processed_sequences\train\63228.npy,7
63229,who,val,processed_sequences\val\63229.npy,7
63230,who,val,processed_sequences\val\63230.npy,7
63231,who,train,processed_sequences\train\63231.npy,7
66778,who,train,processed_sequences\train\66778.npy,7
63232,who,train,processed_sequences\train\63232.npy,7
66779,who,train,processed_sequences\train\66779.npy,7
63225,who,train,processed_sequences\train\63225.npy,7
63236,who,train,processed_sequences\train\63236.npy,7
63237,who,val,processed_sequences\val\63237.npy,7
8929,candy,val,processed_sequences\val\8929.npy,8
8916,candy,train,processed_sequences\train\8916.npy,8
8917,candy,train,processed_sequences\train\8917.npy,8
8918,candy,val,processed_sequences\val\8918.npy,8
8919,candy,train,processed_sequences\train\8919.npy,8
8920,candy,train,processed_sequences\train\8920.npy,8
8921,candy,train,processed_sequences\train\8921.npy,8
65298,candy,train,processed_sequences\train\65298.npy,8
8924,candy,train,processed_sequences\train\8924.npy,8
65299,candy,train,processed_sequences\train\65299.npy,8
65300,candy,test,processed_sequences\test\65300.npy,8
8915,candy,test,processed_sequences\test\8915.npy,8
8925,candy,test,processed_sequences\test\8925.npy,8
65415,cousin,test,processed_sequences\test\65415.npy,9
13647,cousin,train,processed_sequences\train\13647.npy,9
13648,cousin,train,processed_sequences\train\13648.npy,9
13631,cousin,train,processed_sequences\train\13631.npy,9
13632,cousin,train,processed_sequences\train\13632.npy,9
13633,cousin,val,processed_sequences\val\13633.npy,9
13634,cousin,val,processed_sequences\val\13634.npy,9
13635,cousin,test,processed_sequences\test\13635.npy,9
13636,cousin,train,processed_sequences\train\13636.npy,9
13630,cousin,train,processed_sequences\train\13630.npy,9
13640,cousin,train,processed_sequences\train\13640.npy,9
13641,cousin,val,processed_sequences\val\13641.npy,9
13642,cousin,train,processed_sequences\train\13642.npy,9
13646,cousin,train,processed_sequences\train\13646.npy,9
14882,deaf,train,processed_sequences\train\14882.npy,10
14903,deaf,val,processed_sequences\val\14903.npy,10
14883,deaf,test,processed_sequences\test\14883.npy,10
14884,deaf,train,processed_sequences\train\14884.npy,10
14885,deaf,train,processed_sequences\train\14885.npy,10
14886,deaf,train,processed_sequences\train\14886.npy,10
65445,deaf,train,processed_sequences\train\65445.npy,10
14887,deaf,val,processed_sequences\val\14887.npy,10
14888,deaf,test,processed_sequences\test\14888.npy,10
14893,deaf,train,processed_sequences\train\14893.npy,10
14894,deaf,train,processed_sequences\train\14894.npy,10
21870,fine,train,processed_sequences\train\21870.npy,11
21890,fine,test,processed_sequences\test\21890.npy,11
21891,fine,train,processed_sequences\train\21891.npy,11
21871,fine,train,processed_sequences\train\21871.npy,11
21872,fine,val,processed_sequences\val\21872.npy,11
21869,fine,train,processed_sequences\train\21869.npy,11
21874,fine,val,processed_sequences\val\21874.npy,11
21878,fine,train,processed_sequences\train\21878.npy,11
21883,fine,train,processed_sequences\train\21883.npy,11
69364,help,val,processed_sequences\val\69364.npy,12
27221,help,train,processed_sequences\train\27221.npy,12
27206,help,train,processed_sequences\train\27206.npy,12
27207,help,train,processed_sequences\train\27207.npy,12
27208,help,train,processed_sequences\train\27208.npy,12
27209,help,test,processed_sequences\test\27209.npy,12
65890,help,train,processed_sequences\train\65890.npy,12
27213,help,test,processed_sequences\test\27213.npy,12
27214,help,train,processed_sequences\train\27214.npy,12
65891,help,val,processed_sequences\val\65891.npy,12
65889,help,train,processed_sequences\train\65889.npy,12
27215,help,train,processed_sequences\train\27215.npy,12
27216,help,train,processed_sequences\train\27216.npy,12
27217,help,train,processed_sequences\train\27217.npy,12
69411,no,val,processed_sequences\val\69411.npy,13
38525,no,test,processed_sequences\test\38525.npy,13
38544,no,train,processed_sequences\train\38544.npy,13
38527,no,train,processed_sequences\train\38527.npy,13
38529,no,train,processed_sequences\train\38529.npy,13
38530,no,train,processed_sequences\train\38530.npy,13
38532,no,train,processed_sequences\train\38532.npy,13
38533,no,val,processed_sequences\val\38533.npy,13
66183,no,train,processed_sequences\train\66183.npy,13
38524,no,train,processed_sequences\train\38524.npy,13
38534,no,train,processed_sequences\train\38534.npy,13
57948,thin,val,processed_sequences\val\57948.npy,14
57949,thin,train,processed_sequences\train\57949.npy,14
57934,thin,train,processed_sequences\train\57934.npy,14
57953,thin,train,processed_sequences\train\57953.npy,14
57935,thin,train,processed_sequences\train\57935.npy,14
57936,thin,train,processed_sequences\train\57936.npy,14
57937,thin,train,processed_sequences\train\57937.npy,14
66606,thin,train,processed_sequences\train\66606.npy,14
57939,thin,train,processed_sequences\train\57939.npy,14
57940,thin,train,processed_sequences\train\57940.npy,14
57941,thin,test,processed_sequences\test\57941.npy,14
57942,thin,train,processed_sequences\train\57942.npy,14
66607,thin,val,processed_sequences\val\66607.npy,14
57933,thin,val,processed_sequences\val\57933.npy,14
57943,thin,test,processed_sequences\test\57943.npy,14
57947,thin,train,processed_sequences\train\57947.npy,14
62175,walk,train,processed_sequences\train\62175.npy,15
62159,walk,train,processed_sequences\train\62159.npy,15
62160,walk,test,processed_sequences\test\62160.npy,15
62163,walk,train,processed_sequences\train\62163.npy,15
62164,walk,train,processed_sequences\train\62164.npy,15
66743,walk,train,processed_sequences\train\66743.npy,15
66742,walk,train,processed_sequences\train\66742.npy,15
62158,walk,val,processed_sequences\val\62158.npy,15
62168,walk,train,processed_sequences\train\62168.npy,15
62169,walk,train,processed_sequences\train\62169.npy,15
62170,walk,train,processed_sequences\train\62170.npy,15
64211,year,val,processed_sequences\val\64211.npy,16
64224,year,train,processed_sequences\train\64224.npy,16
64210,year,test,processed_sequences\test\64210.npy,16
64212,year,train,processed_sequences\train\64212.npy,16
66818,year,train,processed_sequences\train\66818.npy,16
64213,year,train,processed_sequences\train\64213.npy,16
66816,year,train,processed_sequences\train\66816.npy,16
64209,year,test,processed_sequences\test\64209.npy,16
64219,year,train,processed_sequences\train\64219.npy,16
64218,year,train,processed_sequences\train\64218.npy,16
69546,yes,val,processed_sequences\val\69546.npy,17
64287,yes,val,processed_sequences\val\64287.npy,17
64284,yes,train,processed_sequences\train\64284.npy,17
64291,yes,train,processed_sequences\train\64291.npy,17
64292,yes,train,processed_sequences\train\64292.npy,17
64293,yes,test,processed_sequences\test\64293.npy,17
66820,yes,train,processed_sequences\train\66820.npy,17
64280,yes,train,processed_sequences\train\64280.npy,17
64300,yes,train,processed_sequences\train\64300.npy,17
64281,yes,train,processed_sequences\train\64281.npy,17
64288,yes,train,processed_sequences\train\64288.npy,17
64283,yes,train,processed_sequences\train\64283.npy,17
69206,all,train,processed_sequences\train\69206.npy,18
2003,all,train,processed_sequences\train\2003.npy,18
1987,all,train,processed_sequences\train\1987.npy,18
1988,all,train,processed_sequences\train\1988.npy,18
1991,all,train,processed_sequences\train\1991.npy,18
1992,all,train,processed_sequences\train\1992.npy,18
65043,all,train,processed_sequences\train\65043.npy,18
1986,all,test,processed_sequences\test\1986.npy,18
69236,black,val,processed_sequences\val\69236.npy,19
6472,black,train,processed_sequences\train\6472.npy,19
6473,black,train,processed_sequences\train\6473.npy,19
6474,black,train,processed_sequences\train\6474.npy,19
6476,black,val,processed_sequences\val\6476.npy,19
6477,black,train,processed_sequences\train\6477.npy,19
6478,black,train,processed_sequences\train\6478.npy,19
65200,black,train,processed_sequences\train\65200.npy,19
6471,black,train,processed_sequences\train\6471.npy,19
6486,black,train,processed_sequences\train\6486.npy,19
69281,cool,train,processed_sequences\train\69281.npy,20
65403,cool,train,processed_sequences\train\65403.npy,20
13213,cool,train,processed_sequences\train\13213.npy,20
13197,cool,val,processed_sequences\val\13197.npy,20
13216,cool,train,processed_sequences\train\13216.npy,20
13217,cool,train,processed_sequences\train\13217.npy,20
13198,cool,test,processed_sequences\test\13198.npy,20
13199,cool,train,processed_sequences\train\13199.npy,20
13200,cool,train,processed_sequences\train\13200.npy,20
13201,cool,train,processed_sequences\train\13201.npy,20
65402,cool,val,processed_sequences\val\65402.npy,20
13202,cool,train,processed_sequences\train\13202.npy,20
13203,cool,val,processed_sequences\val\13203.npy,20
13196,cool,test,processed_sequences\test\13196.npy,20
13208,cool,train,processed_sequences\train\13208.npy,20
13209,cool,train,processed_sequences\train\13209.npy,20
21942,finish,val,processed_sequences\val\21942.npy,21
21943,finish,train,processed_sequences\train\21943.npy,21
21944,finish,test,processed_sequences\test\21944.npy,21
21945,finish,train,processed_sequences\train\21945.npy,21
21949,finish,val,processed_sequences\val\21949.npy,21
21950,finish,train,processed_sequences\train\21950.npy,21
65721,finish,train,processed_sequences\train\65721.npy,21
21941,finish,train,processed_sequences\train\21941.npy,21
21951,finish,train,processed_sequences\train\21951.npy,21
69368,hot,val,processed_sequences\val\69368.npy,22
28125,hot,train,processed_sequences\train\28125.npy,22
28108,hot,train,processed_sequences\train\28108.npy,22
28109,hot,train,processed_sequences\train\28109.npy,22
28110,hot,train,processed_sequences\train\28110.npy,22
28111,hot,train,processed_sequences\train\28111.npy,22
28112,hot,val,processed_sequences\val\28112.npy,22
28115,hot,train,processed_sequences\train\28115.npy,22
28116,hot,train,processed_sequences\train\28116.npy,22
28107,hot,train,processed_sequences\train\28107.npy,22
69389,like,test,processed_sequences\test\69389.npy,23
33266,like,train,processed_sequences\train\33266.npy,23
33285,like,train,processed_sequences\train\33285.npy,23
33267,like,train,processed_sequences\train\33267.npy,23
33286,like,test,processed_sequences\test\33286.npy,23
33268,like,val,processed_sequences\val\33268.npy,23
33269,like,train,processed_sequences\train\33269.npy,23
33270,like,val,processed_sequences\val\33270.npy,23
33273,like,train,processed_sequences\train\33273.npy,23
33274,like,train,processed_sequences\train\33274.npy,23
69396,many,val,processed_sequences\val\69396.npy,24
34823,many,train,processed_sequences\train\34823.npy,24
34824,many,train,processed_sequences\train\34824.npy,24
34825,many,train,processed_sequences\train\34825.npy,24
34826,many,train,processed_sequences\train\34826.npy,24
34827,many,train,processed_sequences\train\34827.npy,24
34830,many,train,processed_sequences\train\34830.npy,24
34831,many,train,processed_sequences\train\34831.npy,24
34832,many,train,processed_sequences\train\34832.npy,24
34839,many,train,processed_sequences\train\34839.npy,24
69402,mother,val,processed_sequences\val\69402.npy,25
36946,mother,train,processed_sequences\train\36946.npy,25
36930,mother,train,processed_sequences\train\36930.npy,25
36931,mother,train,processed_sequences\train\36931.npy,25
36932,mother,train,processed_sequences\train\36932.npy,25
36933,mother,train,processed_sequences\train\36933.npy,25
36936,mother,train,processed_sequences\train\36936.npy,25
36937,mother,train,processed_sequences\train\36937.npy,25
66147,mother,train,processed_sequences\train\66147.npy,25
66146,mother,train,processed_sequences\train\66146.npy,25
36929,mother,train,processed_sequences\train\36929.npy,25
69413,now,val,processed_sequences\val\69413.npy,26
38994,now,val,processed_sequences\val\38994.npy,26
38999,now,train,processed_sequences\train\38999.npy,26
39000,now,val,processed_sequences\val\39000.npy,26
38990,now,train,processed_sequences\train\38990.npy,26
39006,now,train,processed_sequences\train\39006.npy,26
38991,now,test,processed_sequences\test\38991.npy,26
38995,now,train,processed_sequences\train\38995.npy,26
38997,now,train,processed_sequences\train\38997.npy,26
69422,orange,val,processed_sequences\val\69422.npy,27
40115,orange,train,processed_sequences\train\40115.npy,27
40116,orange,train,processed_sequences\train\40116.npy,27
40117,orange,train,processed_sequences\train\40117.npy,27
40118,orange,val,processed_sequences\val\40118.npy,27
40119,orange,train,processed_sequences\train\40119.npy,27
40121,orange,train,processed_sequences\train\40121.npy,27
66246,orange,train,processed_sequences\train\66246.npy,27
40129,orange,train,processed_sequences\train\40129.npy,27
40130,orange,train,processed_sequences\train\40130.npy,27
56557,table,train,processed_sequences\train\56557.npy,28
56579,table,train,processed_sequences\train\56579.npy,28
56558,table,train,processed_sequences\train\56558.npy,28
56556,table,train,processed_sequences\train\56556.npy,28
56563,table,train,processed_sequences\train\56563.npy,28
57628,thanksgiving,val,processed_sequences\val\57628.npy,29
57647,thanksgiving,train,processed_sequences\train\57647.npy,29
57629,thanksgiving,val,processed_sequences\val\57629.npy,29
57630,thanksgiving,train,processed_sequences\train\57630.npy,29
57631,thanksgiving,train,processed_sequences\train\57631.npy,29
57632,thanksgiving,train,processed_sequences\train\57632.npy,29
57633,thanksgiving,train,processed_sequences\train\57633.npy,29
57634,thanksgiving,train,processed_sequences\train\57634.npy,29
57635,thanksgiving,train,processed_sequences\train\57635.npy,29
57638,thanksgiving,train,processed_sequences\train\57638.npy,29
57639,thanksgiving,val,processed_sequences\val\57639.npy,29
57640,thanksgiving,test,processed_sequences\test\57640.npy,29
57641,thanksgiving,train,processed_sequences\train\57641.npy,29
69531,what,val,processed_sequences\val\69531.npy,30
62967,what,test,processed_sequences\test\62967.npy,30
62968,what,train,processed_sequences\train\62968.npy,30
62970,what,train,processed_sequences\train\62970.npy,30
66769,what,train,processed_sequences\train\66769.npy,30
62987,what,test,processed_sequences\test\62987.npy,30
62964,what,train,processed_sequences\train\62964.npy,30
62988,what,val,processed_sequences\val\62988.npy,30
62975,what,test,processed_sequences\test\62975.npy,30
62965,what,val,processed_sequences\val\62965.npy,30
62979,what,train,processed_sequences\train\62979.npy,30
62966,what,train,processed_sequences\train\62966.npy,30
63679,woman,train,processed_sequences\train\63679.npy,31
63665,woman,train,processed_sequences\train\63665.npy,31
63666,woman,train,processed_sequences\train\63666.npy,31
63667,woman,train,processed_sequences\train\63667.npy,31
63668,woman,train,processed_sequences\train\63668.npy,31
63669,woman,val,processed_sequences\val\63669.npy,31
63672,woman,train,processed_sequences\train\63672.npy,31
63673,woman,train,processed_sequences\train\63673.npy,31
66798,woman,train,processed_sequences\train\66798.npy,31
66799,woman,train,processed_sequences\train\66799.npy,31
63664,woman,test,processed_sequences\test\63664.npy,31
5644,bed,train,processed_sequences\train\5644.npy,32
5629,bed,train,processed_sequences\train\5629.npy,32
5630,bed,train,processed_sequences\train\5630.npy,32
5631,bed,train,processed_sequences\train\5631.npy,32
5632,bed,train,processed_sequences\train\5632.npy,32
5633,bed,train,processed_sequences\train\5633.npy,32
5634,bed,train,processed_sequences\train\5634.npy,32
5636,bed,train,processed_sequences\train\5636.npy,32
65162,bed,train,processed_sequences\train\65162.npy,32
5637,bed,train,processed_sequences\train\5637.npy,32
65163,bed,val,processed_sequences\val\65163.npy,32
65161,bed,train,processed_sequences\train\65161.npy,32
5638,bed,train,processed_sequences\train\5638.npy,32
69238,blue,val,processed_sequences\val\69238.npy,33
6835,blue,train,processed_sequences\train\6835.npy,33
6839,blue,train,processed_sequences\train\6839.npy,33
65216,blue,train,processed_sequences\train\65216.npy,33
6832,blue,train,processed_sequences\train\6832.npy,33
6845,blue,test,processed_sequences\test\6845.npy,33
6833,blue,train,processed_sequences\train\6833.npy,33
6834,blue,train,processed_sequences\train\6834.npy,33
7389,bowling,train,processed_sequences\train\7389.npy,34
7390,bowling,train,processed_sequences\train\7390.npy,34
7391,bowling,train,processed_sequences\train\7391.npy,34
7392,bowling,train,processed_sequences\train\7392.npy,34
7393,bowling,train,processed_sequences\train\7393.npy,34
7394,bowling,train,processed_sequences\train\7394.npy,34
7397,bowling,train,processed_sequences\train\7397.npy,34
65242,bowling,train,processed_sequences\train\65242.npy,34
65241,bowling,train,processed_sequences\train\65241.npy,34
7388,bowling,val,processed_sequences\val\7388.npy,34
7398,bowling,val,processed_sequences\val\7398.npy,34
7399,bowling,train,processed_sequences\train\7399.npy,34
7400,bowling,test,processed_sequences\test\7400.npy,34
69257,can,test,processed_sequences\test\69257.npy,35
65294,can,val,processed_sequences\val\65294.npy,35
8955,can,train,processed_sequences\train\8955.npy,35
8935,can,train,processed_sequences\train\8935.npy,35
8936,can,train,processed_sequences\train\8936.npy,35
8937,can,train,processed_sequences\train\8937.npy,35
8938,can,train,processed_sequences\train\8938.npy,35
8942,can,train,processed_sequences\train\8942.npy,35
8944,can,train,processed_sequences\train\8944.npy,35
69298,dog,train,processed_sequences\train\69298.npy,36
17097,dog,test,processed_sequences\test\17097.npy,36
17084,dog,train,processed_sequences\train\17084.npy,36
17085,dog,train,processed_sequences\train\17085.npy,36
17086,dog,train,processed_sequences\train\17086.npy,36
17087,dog,train,processed_sequences\train\17087.npy,36
17090,dog,train,processed_sequences\train\17090.npy,36
17091,dog,train,processed_sequences\train\17091.npy,36
65506,dog,test,processed_sequences\test\65506.npy,36
65507,dog,train,processed_sequences\train\65507.npy,36
17083,dog,val,processed_sequences\val\17083.npy,36
69316,family,val,processed_sequences\val\69316.npy,37
20980,family,train,processed_sequences\train\20980.npy,37
20981,family,train,processed_sequences\train\20981.npy,37
20982,family,train,processed_sequences\train\20982.npy,37
20983,family,train,processed_sequences\train\20983.npy,37
20986,family,train,processed_sequences\train\20986.npy,37
20987,family,train,processed_sequences\train\20987.npy,37
65677,family,train,processed_sequences\train\65677.npy,37
20978,family,train,processed_sequences\train\20978.npy,37
20992,family,train,processed_sequences\train\20992.npy,37
20979,family,train,processed_sequences\train\20979.npy,37
69325,fish,train,processed_sequences\train\69325.npy,38
22130,fish,train,processed_sequences\train\22130.npy,38
22114,fish,val,processed_sequences\val\22114.npy,38
22115,fish,train,processed_sequences\train\22115.npy,38
22116,fish,train,processed_sequences\train\22116.npy,38
22117,fish,test,processed_sequences\test\22117.npy,38
22120,fish,train,processed_sequences\train\22120.npy,38
22121,fish,train,processed_sequences\train\22121.npy,38
65731,fish,train,processed_sequences\train\65731.npy,38
22113,fish,val,processed_sequences\val\22113.npy,38
25339,graduate,train,processed_sequences\train\25339.npy,39
25322,graduate,train,processed_sequences\train\25322.npy,39
25323,graduate,train,processed_sequences\train\25323.npy,39
25324,graduate,train,processed_sequences\train\25324.npy,39
25325,graduate,train,processed_sequences\train\25325.npy,39
25326,graduate,train,processed_sequences\train\25326.npy,39
65843,graduate,val,processed_sequences\val\65843.npy,39
25329,graduate,train,processed_sequences\train\25329.npy,39
25330,graduate,val,processed_sequences\val\25330.npy,39
25321,graduate,train,processed_sequences\train\25321.npy,39
69359,hat,val,processed_sequences\val\69359.npy,40
26713,hat,train,processed_sequences\train\26713.npy,40
26712,hat,train,processed_sequences\train\26712.npy,40
26739,hat,train,processed_sequences\train\26739.npy,40
26741,hat,train,processed_sequences\train\26741.npy,40
26714,hat,train,processed_sequences\train\26714.npy,40
26715,hat,train,processed_sequences\train\26715.npy,40
26717,hat,train,processed_sequences\train\26717.npy,40
26719,hat,train,processed_sequences\train\26719.npy,40
65884,hearing,test,processed_sequences\test\65884.npy,41
26972,hearing,train,processed_sequences\train\26972.npy,41
26973,hearing,train,processed_sequences\train\26973.npy,41
26974,hearing,train,processed_sequences\train\26974.npy,41
26975,hearing,train,processed_sequences\train\26975.npy,41
26976,hearing,train,processed_sequences\train\26976.npy,41
26971,hearing,train,processed_sequences\train\26971.npy,41
26980,hearing,train,processed_sequences\train\26980.npy,41
31767,kiss,train,processed_sequences\train\31767.npy,42
31750,kiss,test,processed_sequences\test\31750.npy,42
31751,kiss,val,processed_sequences\val\31751.npy,42
31752,kiss,train,processed_sequences\train\31752.npy,42
31753,kiss,train,processed_sequences\train\31753.npy,42
31755,kiss,train,processed_sequences\train\31755.npy,42
31756,kiss,train,processed_sequences\train\31756.npy,42
65996,kiss,train,processed_sequences\train\65996.npy,42
31749,kiss,test,processed_sequences\test\31749.npy,42
32156,language,val,processed_sequences\val\32156.npy,43
32157,language,test,processed_sequences\test\32157.npy,43
32158,language,train,processed_sequences\train\32158.npy,43
32160,language,train,processed_sequences\train\32160.npy,43
32163,language,train,processed_sequences\train\32163.npy,43
66008,language,train,processed_sequences\train\66008.npy,43
66007,language,train,processed_sequences\train\66007.npy,43
32154,language,val,processed_sequences\val\32154.npy,43
32167,language,test,processed_sequences\test\32167.npy,43
32155,language,train,processed_sequences\train\32155.npy,43
32337,later,train,processed_sequences\train\32337.npy,44
32338,later,train,processed_sequences\train\32338.npy,44
32320,later,val,processed_sequences\val\32320.npy,44
32321,later,train,processed_sequences\train\32321.npy,44
32322,later,train,processed_sequences\train\32322.npy,44
32323,later,val,processed_sequences\val\32323.npy,44
32324,later,train,processed_sequences\train\32324.npy,44
32325,later,val,processed_sequences\val\32325.npy,44
66015,later,val,processed_sequences\val\66015.npy,44
32326,later,train,processed_sequences\train\32326.npy,44
66014,later,train,processed_sequences\train\66014.npy,44
32333,later,train,processed_sequences\train\32333.npy,44
69395,man,val,processed_sequences\val\69395.npy,45
34746,man,train,processed_sequences\train\34746.npy,45
34733,man,train,processed_sequences\train\34733.npy,45
34734,man,train,processed_sequences\train\34734.npy,45
34736,man,train,processed_sequences\train\34736.npy,45
34737,man,train,processed_sequences\train\34737.npy,45
34738,man,train,processed_sequences\train\34738.npy,45
66098,man,train,processed_sequences\train\66098.npy,45
66099,man,train,processed_sequences\train\66099.npy,45
66097,man,val,processed_sequences\val\66097.npy,45
34732,man,train,processed_sequences\train\34732.npy,45
34742,man,train,processed_sequences\train\34742.npy,45
51057,shirt,train,processed_sequences\train\51057.npy,46
51081,shirt,val,processed_sequences\val\51081.npy,46
51056,shirt,train,processed_sequences\train\51056.npy,46
51058,shirt,train,processed_sequences\train\51058.npy,46
51059,shirt,train,processed_sequences\train\51059.npy,46
51060,shirt,train,processed_sequences\train\51060.npy,46
51061,shirt,train,processed_sequences\train\51061.npy,46
51063,shirt,train,processed_sequences\train\51063.npy,46
51064,shirt,train,processed_sequences\train\51064.npy,46
51066,shirt,test,processed_sequences\test\51066.npy,46
51067,shirt,val,processed_sequences\val\51067.npy,46
51068,shirt,test,processed_sequences\test\51068.npy,46
55364,study,train,processed_sequences\train\55364.npy,47
55365,study,train,processed_sequences\train\55365.npy,47
55366,study,train,processed_sequences\train\55366.npy,47
55368,study,train,processed_sequences\train\55368.npy,47
55369,study,train,processed_sequences\train\55369.npy,47
66575,study,train,processed_sequences\train\66575.npy,47
55361,study,train,processed_sequences\train\55361.npy,47
55375,study,test,processed_sequences\test\55375.npy,47
55362,study,train,processed_sequences\train\55362.npy,47
55363,study,train,processed_sequences\train\55363.npy,47
56852,tall,train,processed_sequences\train\56852.npy,48
56838,tall,train,processed_sequences\train\56838.npy,48
56839,tall,train,processed_sequences\train\56839.npy,48
56840,tall,val,processed_sequences\val\56840.npy,48
56841,tall,train,processed_sequences\train\56841.npy,48
56842,tall,train,processed_sequences\train\56842.npy,48
56843,tall,test,processed_sequences\test\56843.npy,48
56844,tall,train,processed_sequences\train\56844.npy,48
66591,tall,val,processed_sequences\val\66591.npy,48
56846,tall,train,processed_sequences\train\56846.npy,48
66592,tall,train,processed_sequences\train\66592.npy,48
56837,tall,train,processed_sequences\train\56837.npy,48
56848,tall,train,processed_sequences\train\56848.npy,48
69533,white,val,processed_sequences\val\69533.npy,49
63204,white,train,processed_sequences\train\63204.npy,49
63205,white,train,processed_sequences\train\63205.npy,49
63207,white,train,processed_sequences\train\63207.npy,49
63208,white,train,processed_sequences\train\63208.npy,49
63200,white,train,processed_sequences\train\63200.npy,49
63214,white,train,processed_sequences\train\63214.npy,49
63201,white,test,processed_sequences\test\63201.npy,49
63202,white,train,processed_sequences\train\63202.npy,49
63203,white,train,processed_sequences\train\63203.npy,49
64087,wrong,train,processed_sequences\train\64087.npy,50
64088,wrong,train,processed_sequences\train\64088.npy,50
64090,wrong,train,processed_sequences\train\64090.npy,50
64091,wrong,train,processed_sequences\train\64091.npy,50
64084,wrong,train,processed_sequences\train\64084.npy,50
64097,wrong,test,processed_sequences\test\64097.npy,50
64085,wrong,train,processed_sequences\train\64085.npy,50
64086,wrong,train,processed_sequences\train\64086.npy,50
639,accident,train,processed_sequences\train\639.npy,51
624,accident,train,processed_sequences\train\624.npy,51
625,accident,test,processed_sequences\test\625.npy,51
626,accident,val,processed_sequences\val\626.npy,51
627,accident,val,processed_sequences\val\627.npy,51
628,accident,train,processed_sequences\train\628.npy,51
629,accident,train,processed_sequences\train\629.npy,51
631,accident,train,processed_sequences\train\631.npy,51
632,accident,train,processed_sequences\train\632.npy,51
65009,accident,train,processed_sequences\train\65009.npy,51
623,accident,train,processed_sequences\train\623.npy,51
633,accident,train,processed_sequences\train\633.npy,51
634,accident,test,processed_sequences\test\634.npy,51
69213,apple,val,processed_sequences\val\69213.npy,52
3005,apple,train,processed_sequences\train\3005.npy,52
3008,apple,train,processed_sequences\train\3008.npy,52
65085,apple,train,processed_sequences\train\65085.npy,52
65086,apple,val,processed_sequences\val\65086.npy,52
65084,apple,train,processed_sequences\train\65084.npy,52
2999,apple,val,processed_sequences\val\2999.npy,52
3000,apple,train,processed_sequences\train\3000.npy,52
3001,apple,train,processed_sequences\train\3001.npy,52
3002,apple,train,processed_sequences\train\3002.npy,52
3003,apple,train,processed_sequences\train\3003.npy,52
69233,bird,val,processed_sequences\val\69233.npy,53
6333,bird,train,processed_sequences\train\6333.npy,53
6334,bird,train,processed_sequences\train\6334.npy,53
6335,bird,test,processed_sequences\test\6335.npy,53
6337,bird,train,processed_sequences\train\6337.npy,53
65187,bird,train,processed_sequences\train\65187.npy,53
6330,bird,val,processed_sequences\val\6330.npy,53
6343,bird,train,processed_sequences\train\6343.npy,53
6331,bird,train,processed_sequences\train\6331.npy,53
6332,bird,train,processed_sequences\train\6332.npy,53
9966,change,train,processed_sequences\train\9966.npy,54
9967,change,train,processed_sequences\train\9967.npy,54
9950,change,test,processed_sequences\test\9950.npy,54
9970,change,train,processed_sequences\train\9970.npy,54
9953,change,train,processed_sequences\train\9953.npy,54
9954,change,train,processed_sequences\train\9954.npy,54
9955,change,val,processed_sequences\val\9955.npy,54
9956,change,train,processed_sequences\train\9956.npy,54
9957,change,val,processed_sequences\val\9957.npy,54
9949,change,train,processed_sequences\train\9949.npy,54
9960,change,train,processed_sequences\train\9960.npy,54
9963,change,train,processed_sequences\train\9963.npy,54
69274,color,val,processed_sequences\val\69274.npy,55
11772,color,test,processed_sequences\test\11772.npy,55
11773,color,train,processed_sequences\train\11773.npy,55
11767,color,train,processed_sequences\train\11767.npy,55
11780,color,train,processed_sequences\train\11780.npy,55
11768,color,train,processed_sequences\train\11768.npy,55
11769,color,train,processed_sequences\train\11769.npy,55
11770,color,train,processed_sequences\train\11770.npy,55
69282,corn,train,processed_sequences\train\69282.npy,56
13337,corn,train,processed_sequences\train\13337.npy,56
13325,corn,test,processed_sequences\test\13325.npy,56
13326,corn,train,processed_sequences\train\13326.npy,56
13327,corn,train,processed_sequences\train\13327.npy,56
13328,corn,train,processed_sequences\train\13328.npy,56
13329,corn,train,processed_sequences\train\13329.npy,56
65408,corn,train,processed_sequences\train\65408.npy,56
65409,corn,train,processed_sequences\train\65409.npy,56
13323,corn,train,processed_sequences\train\13323.npy,56
13333,corn,train,processed_sequences\train\13333.npy,56
13334,corn,test,processed_sequences\test\13334.npy,56
69283,cow,train,processed_sequences\train\69283.npy,57
13697,cow,train,processed_sequences\train\13697.npy,57
13698,cow,val,processed_sequences\val\13698.npy,57
13699,cow,train,processed_sequences\train\13699.npy,57
13702,cow,train,processed_sequences\train\13702.npy,57
13703,cow,val,processed_sequences\val\13703.npy,57
13695,cow,train,processed_sequences\train\13695.npy,57
13710,cow,test,processed_sequences\test\13710.npy,57
13696,cow,val,processed_sequences\val\13696.npy,57
14627,dance,train,processed_sequences\train\14627.npy,58
65434,dance,train,processed_sequences\train\65434.npy,58
14633,dance,train,processed_sequences\train\14633.npy,58
14622,dance,train,processed_sequences\train\14622.npy,58
14623,dance,train,processed_sequences\train\14623.npy,58
14624,dance,train,processed_sequences\train\14624.npy,58
14625,dance,train,processed_sequences\train\14625.npy,58
69290,dark,train,processed_sequences\train\69290.npy,59
14673,dark,test,processed_sequences\test\14673.npy,59
14674,dark,train,processed_sequences\train\14674.npy,59
14675,dark,train,processed_sequences\train\14675.npy,59
14676,dark,train,processed_sequences\train\14676.npy,59
14680,dark,train,processed_sequences\train\14680.npy,59
65439,dark,train,processed_sequences\train\65439.npy,59
65440,dark,train,processed_sequences\train\65440.npy,59
14671,dark,train,processed_sequences\train\14671.npy,59
14681,dark,train,processed_sequences\train\14681.npy,59
14685,dark,test,processed_sequences\test\14685.npy,59
14672,dark,val,processed_sequences\val\14672.npy,59
17015,doctor,train,processed_sequences\train\17015.npy,60
17016,doctor,val,processed_sequences\val\17016.npy,60
17017,doctor,train,processed_sequences\train\17017.npy,60
17019,doctor,train,processed_sequences\train\17019.npy,60
17020,doctor,test,processed_sequences\test\17020.npy,60
65503,doctor,train,processed_sequences\train\65503.npy,60
65504,doctor,train,processed_sequences\train\65504.npy,60
17013,doctor,train,processed_sequences\train\17013.npy,60
17026,doctor,train,processed_sequences\train\17026.npy,60
17014,doctor,train,processed_sequences\train\17014.npy,60
69307,eat,val,processed_sequences\val\69307.npy,61
18329,eat,train,processed_sequences\train\18329.npy,61
65601,eat,train,processed_sequences\train\65601.npy,61
18323,eat,val,processed_sequences\val\18323.npy,61
18335,eat,train,processed_sequences\train\18335.npy,61
18324,eat,train,processed_sequences\train\18324.npy,61
18325,eat,train,processed_sequences\train\18325.npy,61
19261,enjoy,train,processed_sequences\train\19261.npy,62
19264,enjoy,train,processed_sequences\train\19264.npy,62
65635,enjoy,train,processed_sequences\train\65635.npy,62
19257,enjoy,val,processed_sequences\val\19257.npy,62
19269,enjoy,train,processed_sequences\train\19269.npy,62
19258,enjoy,train,processed_sequences\train\19258.npy,62
19259,enjoy,train,processed_sequences\train\19259.npy,62
19260,enjoy,train,processed_sequences\train\19260.npy,62
65761,forget,test,processed_sequences\test\65761.npy,63
22954,forget,test,processed_sequences\test\22954.npy,63
22955,forget,train,processed_sequences\train\22955.npy,63
22960,forget,train,processed_sequences\train\22960.npy,63
22967,forget,train,processed_sequences\train\22967.npy,63
22952,forget,train,processed_sequences\train\22952.npy,63
22953,forget,train,processed_sequences\train\22953.npy,63
69343,give,train,processed_sequences\train\69343.npy,64
24660,give,train,processed_sequences\train\24660.npy,64
24638,give,train,processed_sequences\train\24638.npy,64
24639,give,val,processed_sequences\val\24639.npy,64
24640,give,train,processed_sequences\train\24640.npy,64
24641,give,val,processed_sequences\val\24641.npy,64
24636,give,test,processed_sequences\test\24636.npy,64
24648,give,train,processed_sequences\train\24648.npy,64
24649,give,test,processed_sequences\test\24649.npy,64
24651,give,train,processed_sequences\train\24651.npy,64
66010,last,train,processed_sequences\train\66010.npy,65
32263,last,val,processed_sequences\val\32263.npy,65
32248,last,train,processed_sequences\train\32248.npy,65
32249,last,train,processed_sequences\train\32249.npy,65
32250,last,train,processed_sequences\train\32250.npy,65
32253,last,test,processed_sequences\test\32253.npy,65
32254,last,train,processed_sequences\train\32254.npy,65
32255,last,val,processed_sequences\val\32255.npy,65
32246,last,test,processed_sequences\test\32246.npy,65
32257,last,train,processed_sequences\train\32257.npy,65
32260,last,train,processed_sequences\train\32260.npy,65
32261,last,train,processed_sequences\train\32261.npy,65
35511,meet,train,processed_sequences\train\35511.npy,66
35512,meet,train,processed_sequences\train\35512.npy,66
35513,meet,test,processed_sequences\test\35513.npy,66
35516,meet,train,processed_sequences\train\35516.npy,66
35517,meet,train,processed_sequences\train\35517.npy,66
35518,meet,train,processed_sequences\train\35518.npy,66
66112,meet,val,processed_sequences\val\66112.npy,66
35509,meet,train,processed_sequences\train\35509.npy,66
35523,meet,train,processed_sequences\train\35523.npy,66
69430,pink,train,processed_sequences\train\69430.npy,67
42831,pink,train,processed_sequences\train\42831.npy,67
42832,pink,train,processed_sequences\train\42832.npy,67
42833,pink,val,processed_sequences\val\42833.npy,67
42836,pink,train,processed_sequences\train\42836.npy,67
66296,pink,train,processed_sequences\train\66296.npy,67
42829,pink,train,processed_sequences\train\42829.npy,67
42843,pink,train,processed_sequences\train\42843.npy,67
42830,pink,train,processed_sequences\train\42830.npy,67
69431,pizza,test,processed_sequences\test\69431.npy,68
42977,pizza,val,processed_sequences\val\42977.npy,68
42958,pizza,train,processed_sequences\train\42958.npy,68
42959,pizza,train,processed_sequences\train\42959.npy,68
42960,pizza,test,processed_sequences\test\42960.npy,68
42961,pizza,train,processed_sequences\train\42961.npy,68
66297,pizza,train,processed_sequences\train\66297.npy,68
42962,pizza,val,processed_sequences\val\42962.npy,68
42956,pizza,train,processed_sequences\train\42956.npy,68
42966,pizza,train,processed_sequences\train\42966.npy,68
42967,pizza,train,processed_sequences\train\42967.npy,68
42969,pizza,train,processed_sequences\train\42969.npy,68
69433,play,test,processed_sequences\test\69433.npy,69
43166,play,val,processed_sequences\val\43166.npy,69
43170,play,train,processed_sequences\train\43170.npy,69
43171,play,test,processed_sequences\test\43171.npy,69
43173,play,train,processed_sequences\train\43173.npy,69
43174,play,train,processed_sequences\train\43174.npy,69
43179,play,train,processed_sequences\train\43179.npy,69
43180,play,train,processed_sequences\train\43180.npy,69
43167,play,train,processed_sequences\train\43167.npy,69
43168,play,train,processed_sequences\train\43168.npy,69
43169,play,train,processed_sequences\train\43169.npy,69
69455,school,val,processed_sequences\val\69455.npy,70
49602,school,train,processed_sequences\train\49602.npy,70
49595,school,train,processed_sequences\train\49595.npy,70
49606,school,val,processed_sequences\val\49606.npy,70
49596,school,train,processed_sequences\train\49596.npy,70
49597,school,train,processed_sequences\train\49597.npy,70
49598,school,train,processed_sequences\train\49598.npy,70
49599,school,train,processed_sequences\train\49599.npy,70
49600,school,train,processed_sequences\train\49600.npy,70
50037,secretary,train,processed_sequences\train\50037.npy,71
50038,secretary,train,processed_sequences\train\50038.npy,71
50039,secretary,train,processed_sequences\train\50039.npy,71
50040,secretary,train,processed_sequences\train\50040.npy,71
50041,secretary,test,processed_sequences\test\50041.npy,71
50044,secretary,train,processed_sequences\train\50044.npy,71
50045,secretary,train,processed_sequences\train\50045.npy,71
66441,secretary,train,processed_sequences\train\66441.npy,71
50046,secretary,train,processed_sequences\train\50046.npy,71
50052,secretary,val,processed_sequences\val\50052.npy,71
51221,short,train,processed_sequences\train\51221.npy,72
51223,short,train,processed_sequences\train\51223.npy,72
51224,short,val,processed_sequences\val\51224.npy,72
51225,short,train,processed_sequences\train\51225.npy,72
51226,short,train,processed_sequences\train\51226.npy,72
51227,short,val,processed_sequences\val\51227.npy,72
66469,short,train,processed_sequences\train\66469.npy,72
51220,short,val,processed_sequences\val\51220.npy,72
51231,short,train,processed_sequences\train\51231.npy,72
51232,short,train,processed_sequences\train\51232.npy,72
51233,short,test,processed_sequences\test\51233.npy,72
51235,short,train,processed_sequences\train\51235.npy,72
51236,short,train,processed_sequences\train\51236.npy,72
69511,time,val,processed_sequences\val\69511.npy,73
58502,time,test,processed_sequences\test\58502.npy,73
58503,time,train,processed_sequences\train\58503.npy,73
66644,time,train,processed_sequences\train\66644.npy,73
58497,time,val,processed_sequences\val\58497.npy,73
58508,time,train,processed_sequences\train\58508.npy,73
58498,time,train,processed_sequences\train\58498.npy,73
58499,time,train,processed_sequences\train\58499.npy,73
69524,want,val,processed_sequences\val\69524.npy,74
62246,want,train,processed_sequences\train\62246.npy,74
62247,want,test,processed_sequences\test\62247.npy,74
62248,want,train,processed_sequences\train\62248.npy,74
62250,want,train,processed_sequences\train\62250.npy,74
62251,want,train,processed_sequences\train\62251.npy,74
62244,want,val,processed_sequences\val\62244.npy,74
62259,want,train,processed_sequences\train\62259.npy,74
62245,want,train,processed_sequences\train\62245.npy,74
63806,work,train,processed_sequences\train\63806.npy,75
63789,work,test,processed_sequences\test\63789.npy,75
63790,work,train,processed_sequences\train\63790.npy,75
63791,work,train,processed_sequences\train\63791.npy,75
63792,work,train,processed_sequences\train\63792.npy,75
63793,work,train,processed_sequences\train\63793.npy,75
63795,work,val,processed_sequences\val\63795.npy,75
66804,work,train,processed_sequences\train\66804.npy,75
63788,work,val,processed_sequences\val\63788.npy,75
63799,work,train,processed_sequences\train\63799.npy,75
1383,africa,train,processed_sequences\train\1383.npy,76
1384,africa,train,processed_sequences\train\1384.npy,76
1385,africa,train,processed_sequences\train\1385.npy,76
1386,africa,test,processed_sequences\test\1386.npy,76
1387,africa,train,processed_sequences\train\1387.npy,76
1388,africa,train,processed_sequences\train\1388.npy,76
1391,africa,val,processed_sequences\val\1391.npy,76
65029,africa,train,processed_sequences\train\65029.npy,76
1398,africa,val,processed_sequences\val\1398.npy,76
69225,basketball,test,processed_sequences\test\69225.npy,77
5230,basketball,train,processed_sequences\train\5230.npy,77
5231,basketball,train,processed_sequences\train\5231.npy,77
5232,basketball,val,processed_sequences\val\5232.npy,77
5233,basketball,train,processed_sequences\train\5233.npy,77
5234,basketball,train,processed_sequences\train\5234.npy,77
5238,basketball,train,processed_sequences\train\5238.npy,77
65144,basketball,train,processed_sequences\train\65144.npy,77
65145,basketball,train,processed_sequences\train\65145.npy,77
5229,basketball,train,processed_sequences\train\5229.npy,77
5239,basketball,val,processed_sequences\val\5239.npy,77
5243,basketball,train,processed_sequences\train\5243.npy,77
65192,birthday,train,processed_sequences\train\65192.npy,78
6365,birthday,train,processed_sequences\train\6365.npy,78
6359,birthday,train,processed_sequences\train\6359.npy,78
6371,birthday,train,processed_sequences\train\6371.npy,78
6360,birthday,test,processed_sequences\test\6360.npy,78
6363,birthday,train,processed_sequences\train\6363.npy,78
69252,brown,test,processed_sequences\test\69252.npy,79
7963,brown,train,processed_sequences\train\7963.npy,79
7966,brown,train,processed_sequences\train\7966.npy,79
65263,brown,train,processed_sequences\train\65263.npy,79
7960,brown,train,processed_sequences\train\7960.npy,79
7973,brown,val,processed_sequences\val\7973.npy,79
7961,brown,train,processed_sequences\train\7961.npy,79
7962,brown,train,processed_sequences\train\7962.npy,79
8429,but,test,processed_sequences\test\8429.npy,80
8431,but,train,processed_sequences\train\8431.npy,80
65278,but,train,processed_sequences\train\65278.npy,80
8424,but,train,processed_sequences\train\8424.npy,80
8437,but,train,processed_sequences\train\8437.npy,80
8425,but,test,processed_sequences\test\8425.npy,80
8426,but,val,processed_sequences\val\8426.npy,80
10147,cheat,train,processed_sequences\train\10147.npy,81
10166,cheat,train,processed_sequences\train\10166.npy,81
10148,cheat,train,processed_sequences\train\10148.npy,81
10149,cheat,train,processed_sequences\train\10149.npy,81
65341,cheat,val,processed_sequences\val\65341.npy,81
10151,cheat,val,processed_sequences\val\10151.npy,81
65342,cheat,val,processed_sequences\val\65342.npy,81
10157,cheat,train,processed_sequences\train\10157.npy,81
10158,cheat,train,processed_sequences\train\10158.npy,81
10159,cheat,test,processed_sequences\test\10159.npy,81
69269,city,test,processed_sequences\test\69269.npy,82
10895,city,train,processed_sequences\train\10895.npy,82
10898,city,val,processed_sequences\val\10898.npy,82
65362,city,train,processed_sequences\train\65362.npy,82
65363,city,train,processed_sequences\train\65363.npy,82
10892,city,train,processed_sequences\train\10892.npy,82
10904,city,val,processed_sequences\val\10904.npy,82
10893,city,train,processed_sequences\train\10893.npy,82
10894,city,train,processed_sequences\train\10894.npy,82
13158,cook,train,processed_sequences\train\13158.npy,83
13160,cook,train,processed_sequences\train\13160.npy,83
13161,cook,train,processed_sequences\train\13161.npy,83
13167,cook,train,processed_sequences\train\13167.npy,83
13168,cook,train,processed_sequences\train\13168.npy,83
13155,cook,val,processed_sequences\val\13155.npy,83
13156,cook,train,processed_sequences\train\13156.npy,83
13157,cook,train,processed_sequences\train\13157.npy,83
15034,decide,train,processed_sequences\train\15034.npy,84
15035,decide,train,processed_sequences\train\15035.npy,84
15037,decide,val,processed_sequences\val\15037.npy,84
15038,decide,train,processed_sequences\train\15038.npy,84
65449,decide,train,processed_sequences\train\65449.npy,84
65450,decide,train,processed_sequences\train\65450.npy,84
15043,decide,val,processed_sequences\val\15043.npy,84
15032,decide,train,processed_sequences\train\15032.npy,84
15033,decide,train,processed_sequences\train\15033.npy,84
65792,full,val,processed_sequences\val\65792.npy,85
23782,full,train,processed_sequences\train\23782.npy,85
23771,full,train,processed_sequences\train\23771.npy,85
23774,full,train,processed_sequences\train\23774.npy,85
23775,full,val,processed_sequences\val\23775.npy,85
23766,full,train,processed_sequences\train\23766.npy,85
23776,full,val,processed_sequences\val\23776.npy,85
23767,full,test,processed_sequences\test\23767.npy,85
23768,full,train,processed_sequences\train\23768.npy,85
23769,full,train,processed_sequences\train\23769.npy,85
69370,how,test,processed_sequences\test\69370.npy,86
28205,how,train,processed_sequences\train\28205.npy,86
28210,how,train,processed_sequences\train\28210.npy,86
28201,how,test,processed_sequences\test\28201.npy,86
28211,how,train,processed_sequences\train\28211.npy,86
28214,how,train,processed_sequences\train\28214.npy,86
28202,how,train,processed_sequences\train\28202.npy,86
28203,how,val,processed_sequences\val\28203.npy,86
28204,how,train,processed_sequences\train\28204.npy,86
30849,jacket,val,processed_sequences\val\30849.npy,87
30831,jacket,train,processed_sequences\train\30831.npy,87
30832,jacket,train,processed_sequences\train\30832.npy,87
30833,jacket,val,processed_sequences\val\30833.npy,87
30834,jacket,train,processed_sequences\train\30834.npy,87
30835,jacket,train,processed_sequences\train\30835.npy,87
30840,jacket,train,processed_sequences\train\30840.npy,87
66038,letter,train,processed_sequences\train\66038.npy,88
32948,letter,val,processed_sequences\val\32948.npy,88
32949,letter,train,processed_sequences\train\32949.npy,88
32950,letter,test,processed_sequences\test\32950.npy,88
32953,letter,train,processed_sequences\train\32953.npy,88
32954,letter,train,processed_sequences\train\32954.npy,88
32945,letter,train,processed_sequences\train\32945.npy,88
32955,letter,train,processed_sequences\train\32955.npy,88
32959,letter,train,processed_sequences\train\32959.npy,88
32946,letter,train,processed_sequences\train\32946.npy,88
32947,letter,train,processed_sequences\train\32947.npy,88
66111,medicine,test,processed_sequences\test\66111.npy,89
35454,medicine,train,processed_sequences\train\35454.npy,89
35455,medicine,train,processed_sequences\train\35455.npy,89
35456,medicine,train,processed_sequences\train\35456.npy,89
35458,medicine,train,processed_sequences\train\35458.npy,89
35452,medicine,train,processed_sequences\train\35452.npy,89
35467,medicine,train,processed_sequences\train\35467.npy,89
35453,medicine,train,processed_sequences\train\35453.npy,89
37886,need,train,processed_sequences\train\37886.npy,90
37881,need,train,processed_sequences\train\37881.npy,90
37894,need,train,processed_sequences\train\37894.npy,90
37882,need,val,processed_sequences\val\37882.npy,90
37883,need,train,processed_sequences\train\37883.npy,90
37884,need,train,processed_sequences\train\37884.npy,90
40840,paint,val,processed_sequences\val\40840.npy,91
40841,paint,train,processed_sequences\train\40841.npy,91
40834,paint,train,processed_sequences\train\40834.npy,91
40847,paint,train,processed_sequences\train\40847.npy,91
40835,paint,val,processed_sequences\val\40835.npy,91
40836,paint,train,processed_sequences\train\40836.npy,91
40837,paint,train,processed_sequences\train\40837.npy,91
41030,paper,train,processed_sequences\train\41030.npy,92
41032,paper,train,processed_sequences\train\41032.npy,92
41025,paper,train,processed_sequences\train\41025.npy,92
41037,paper,train,processed_sequences\train\41037.npy,92
41026,paper,train,processed_sequences\train\41026.npy,92
41027,paper,val,processed_sequences\val\41027.npy,92
41028,paper,train,processed_sequences\train\41028.npy,92
41029,paper,train,processed_sequences\train\41029.npy,92
69439,pull,test,processed_sequences\test\69439.npy,93
45265,pull,train,processed_sequences\train\45265.npy,93
45267,pull,val,processed_sequences\val\45267.npy,93
66351,pull,train,processed_sequences\train\66351.npy,93
45261,pull,train,processed_sequences\train\45261.npy,93
45273,pull,train,processed_sequences\train\45273.npy,93
45262,pull,val,processed_sequences\val\45262.npy,93
45263,pull,train,processed_sequences\train\45263.npy,93
45264,pull,train,processed_sequences\train\45264.npy,93
69440,purple,test,processed_sequences\test\69440.npy,94
45438,purple,val,processed_sequences\val\45438.npy,94
66355,purple,train,processed_sequences\train\66355.npy,94
45443,purple,train,processed_sequences\train\45443.npy,94
45433,purple,train,processed_sequences\train\45433.npy,94
45434,purple,train,processed_sequences\train\45434.npy,94
45435,purple,val,processed_sequences\val\45435.npy,94
45436,purple,train,processed_sequences\train\45436.npy,94
48105,right,train,processed_sequences\train\48105.npy,95
48124,right,val,processed_sequences\val\48124.npy,95
48126,right,test,processed_sequences\test\48126.npy,95
48106,right,train,processed_sequences\train\48106.npy,95
48107,right,train,processed_sequences\train\48107.npy,95
48108,right,val,processed_sequences\val\48108.npy,95
48109,right,train,processed_sequences\train\48109.npy,95
48114,right,train,processed_sequences\train\48114.npy,95
48115,right,test,processed_sequences\test\48115.npy,95
49173,same,test,processed_sequences\test\49173.npy,96
49175,same,train,processed_sequences\train\49175.npy,96
49176,same,val,processed_sequences\val\49176.npy,96
49178,same,train,processed_sequences\train\49178.npy,96
49181,same,train,processed_sequences\train\49181.npy,96
49182,same,val,processed_sequences\val\49182.npy,96
49183,same,train,processed_sequences\train\49183.npy,96
49188,same,train,processed_sequences\train\49188.npy,96
49174,same,train,processed_sequences\train\49174.npy,96
53273,son,train,processed_sequences\train\53273.npy,97
53274,son,val,processed_sequences\val\53274.npy,97
53275,son,train,processed_sequences\train\53275.npy,97
66531,son,train,processed_sequences\train\66531.npy,97
66532,son,train,processed_sequences\train\66532.npy,97
53268,son,train,processed_sequences\train\53268.npy,97
53279,son,train,processed_sequences\train\53279.npy,97
53269,son,val,processed_sequences\val\53269.npy,97
53270,son,train,processed_sequences\train\53270.npy,97
53271,son,train,processed_sequences\train\53271.npy,97
57278,tell,test,processed_sequences\test\57278.npy,98
57282,tell,val,processed_sequences\val\57282.npy,98
57283,tell,train,processed_sequences\train\57283.npy,98
57284,tell,train,processed_sequences\train\57284.npy,98
57285,tell,val,processed_sequences\val\57285.npy,98
57276,tell,train,processed_sequences\train\57276.npy,98
57286,tell,train,processed_sequences\train\57286.npy,98
57287,tell,train,processed_sequences\train\57287.npy,98
57291,tell,train,processed_sequences\train\57291.npy,98
57277,tell,train,processed_sequences\train\57277.npy,98
58362,thursday,train,processed_sequences\train\58362.npy,99
58363,thursday,train,processed_sequences\train\58363.npy,99
58365,thursday,val,processed_sequences\val\58365.npy,99
58366,thursday,train,processed_sequences\train\58366.npy,99
66637,thursday,train,processed_sequences\train\66637.npy,99
66638,thursday,train,processed_sequences\train\66638.npy,99
66639,thursday,train,processed_sequences\train\66639.npy,99
66640,thursday,train,processed_sequences\train\66640.npy,99
58370,thursday,val,processed_sequences\val\58370.npy,99
58360,thursday,train,processed_sequences\train\58360.npy,99
58361,thursday,train,processed_sequences\train\58361.npy,99
