gloss,gloss_id,video_id,video_path,signer_id,split,frame_start,frame_end,fps,bbox
chair,0,9848,.\videos\09848.mp4,0,train,1,-1,25,"[40, 6, 266, 240]"
chair,0,9869,.\videos\09869.mp4,12,train,1,-1,25,"[183, 55, 560, 400]"
chair,0,9849,.\videos\09849.mp4,38,train,1,-1,25,"[388, 56, 806, 720]"
chair,0,9850,.\videos\09850.mp4,31,train,1,-1,25,"[667, 144, 1472, 1061]"
chair,0,9851,.\videos\09851.mp4,59,val,1,-1,25,"[102, 22, 563, 480]"
chair,0,65328,.\videos\65328.mp4,90,train,1,-1,25,"[169, 15, 476, 370]"
chair,0,9854,.\videos\09854.mp4,11,val,1,-1,25,"[81, 15, 233, 192]"
black,1,69236,.\videos\69236.mp4,118,val,1,-1,25,"[295, 38, 885, 720]"
black,1,6472,.\videos\06472.mp4,36,train,1,-1,25,"[205, 17, 524, 414]"
black,1,6473,.\videos\06473.mp4,4,train,1,-1,25,"[544, 60, 1618, 1080]"
black,1,6474,.\videos\06474.mp4,59,train,1,-1,25,"[77, 18, 515, 480]"
black,1,6476,.\videos\06476.mp4,11,val,1,-1,25,"[58, 15, 216, 192]"
black,1,6477,.\videos\06477.mp4,11,train,1,-1,25,"[48, 11, 226, 192]"
black,1,6478,.\videos\06478.mp4,11,train,1,-1,25,"[63, 8, 245, 192]"
black,1,65200,.\videos\65200.mp4,90,train,1,-1,25,"[149, 24, 479, 370]"
black,1,6471,.\videos\06471.mp4,56,train,1,-1,25,"[66, 13, 258, 240]"
black,1,6486,.\videos\06486.mp4,12,train,1,-1,25,"[131, 52, 555, 400]"
blue,2,69238,.\videos\69238.mp4,118,val,1,-1,25,"[257, 39, 881, 720]"
blue,2,6835,.\videos\06835.mp4,59,train,1,-1,25,"[125, 26, 528, 480]"
blue,2,6839,.\videos\06839.mp4,10,train,1,-1,25,"[90, 21, 213, 192]"
blue,2,65216,.\videos\65216.mp4,90,train,1,-1,25,"[158, 24, 482, 370]"
blue,2,6832,.\videos\06832.mp4,8,train,1,-1,25,"[41, 0, 232, 240]"
blue,2,6845,.\videos\06845.mp4,41,test,1,-1,25,"[232, 39, 483, 400]"
blue,2,6833,.\videos\06833.mp4,36,train,1,-1,25,"[225, 18, 519, 414]"
blue,2,6834,.\videos\06834.mp4,46,train,1,-1,25,"[188, 0, 794, 720]"
can,3,69257,.\videos\69257.mp4,118,test,1,-1,25,"[285, 31, 964, 720]"
can,3,65294,.\videos\65294.mp4,90,val,1,-1,25,"[137, 15, 500, 370]"
can,3,8955,.\videos\08955.mp4,12,train,1,-1,25,"[163, 54, 555, 400]"
can,3,8935,.\videos\08935.mp4,38,train,1,-1,25,"[434, 54, 814, 720]"
can,3,8936,.\videos\08936.mp4,70,train,1,-1,25,"[201, 5, 823, 480]"
can,3,8937,.\videos\08937.mp4,59,train,1,-1,25,"[69, 17, 552, 480]"
can,3,8938,.\videos\08938.mp4,59,train,1,-1,25,"[110, 29, 555, 480]"
can,3,8942,.\videos\08942.mp4,11,train,1,-1,25,"[76, 18, 237, 192]"
can,3,8944,.\videos\08944.mp4,11,train,1,-1,25,"[70, 18, 217, 192]"
apple,4,69213,.\videos\69213.mp4,117,val,1,-1,25,"[304, 41, 916, 720]"
apple,4,3005,.\videos\03005.mp4,11,train,1,-1,25,"[64, 15, 229, 192]"
apple,4,3008,.\videos\03008.mp4,12,train,1,-1,25,"[158, 50, 541, 399]"
apple,4,65085,.\videos\65085.mp4,89,train,1,-1,25,"[207, 0, 520, 370]"
apple,4,65086,.\videos\65086.mp4,89,val,1,-1,25,"[206, 0, 535, 370]"
apple,4,65084,.\videos\65084.mp4,88,train,1,-1,25,"[119, 4, 486, 370]"
apple,4,2999,.\videos\02999.mp4,37,val,1,-1,25,"[44, 0, 232, 240]"
apple,4,3000,.\videos\03000.mp4,28,train,1,-1,25,"[41, 13, 259, 240]"
apple,4,3001,.\videos\03001.mp4,38,train,1,-1,25,"[350, 53, 815, 720]"
apple,4,3002,.\videos\03002.mp4,36,train,1,-1,25,"[212, 17, 526, 414]"
apple,4,3003,.\videos\03003.mp4,13,train,1,-1,25,"[24, 13, 526, 480]"
brown,5,69252,.\videos\69252.mp4,118,test,1,-1,25,"[335, 37, 874, 720]"
brown,5,7963,.\videos\07963.mp4,59,train,1,-1,25,"[102, 30, 523, 480]"
brown,5,7966,.\videos\07966.mp4,11,train,1,-1,25,"[62, 15, 217, 192]"
brown,5,65263,.\videos\65263.mp4,90,train,1,-1,25,"[158, 12, 462, 370]"
brown,5,7960,.\videos\07960.mp4,2,train,1,-1,25,"[37, 6, 250, 240]"
brown,5,7973,.\videos\07973.mp4,12,val,1,-1,25,"[182, 52, 542, 400]"
brown,5,7961,.\videos\07961.mp4,36,train,1,-1,25,"[213, 11, 525, 414]"
brown,5,7962,.\videos\07962.mp4,4,train,1,-1,25,"[381, 38, 1076, 720]"
cat,6,69261,.\videos\69261.mp4,118,test,1,-1,25,"[357, 37, 874, 720]"
cat,6,9528,.\videos\09528.mp4,32,train,1,-1,25,"[743, 79, 1579, 1066]"
cat,6,9532,.\videos\09532.mp4,10,val,1,-1,25,"[84, 21, 216, 192]"
cat,6,9533,.\videos\09533.mp4,10,train,1,-1,25,"[83, 20, 218, 192]"
cat,6,65312,.\videos\65312.mp4,102,train,1,-1,25,"[156, 19, 486, 370]"
cat,6,65313,.\videos\65313.mp4,101,train,1,-1,25,"[168, 18, 462, 370]"
cat,6,9525,.\videos\09525.mp4,2,val,1,-1,25,"[57, 0, 271, 240]"
cat,6,9538,.\videos\09538.mp4,41,train,1,-1,25,"[215, 42, 465, 400]"
cat,6,9526,.\videos\09526.mp4,36,train,1,-1,25,"[210, 18, 523, 414]"
cold,7,65377,.\videos\65377.mp4,99,test,1,-1,25,"[129, 16, 476, 370]"
cold,7,11638,.\videos\11638.mp4,12,test,1,-1,25,"[180, 57, 551, 400]"
cold,7,11622,.\videos\11622.mp4,36,train,1,-1,25,"[210, 16, 540, 414]"
cold,7,11623,.\videos\11623.mp4,52,train,1,-1,25,"[380, 16, 825, 480]"
cold,7,11624,.\videos\11624.mp4,6,train,1,-1,25,"[593, 70, 1468, 1080]"
cold,7,11625,.\videos\11625.mp4,39,val,1,-1,25,"[624, 133, 1621, 1072]"
cold,7,11627,.\videos\11627.mp4,4,train,1,-1,25,"[411, 31, 1128, 720]"
cold,7,11628,.\videos\11628.mp4,59,val,1,-1,25,"[116, 29, 513, 480]"
cold,7,11621,.\videos\11621.mp4,56,train,1,-1,25,"[59, 16, 263, 240]"
cold,7,11633,.\videos\11633.mp4,10,train,1,-1,25,"[88, 22, 216, 192]"
cold,7,11634,.\videos\11634.mp4,10,val,1,-1,25,"[65, 21, 233, 192]"
cold,7,11635,.\videos\11635.mp4,11,train,1,-1,25,"[79, 16, 221, 192]"
child,8,10450,.\videos\10450.mp4,11,train,1,-1,25,"[69, 17, 215, 192]"
child,8,65351,.\videos\65351.mp4,90,train,1,-1,25,"[130, 14, 465, 370]"
child,8,10443,.\videos\10443.mp4,2,train,1,-1,25,"[64, 0, 269, 240]"
child,8,10453,.\videos\10453.mp4,12,train,1,-1,25,"[130, 54, 550, 400]"
child,8,10444,.\videos\10444.mp4,32,train,1,-1,25,"[700, 66, 1636, 1073]"
child,8,10445,.\videos\10445.mp4,4,train,1,-1,25,"[616, 61, 1702, 1079]"
child,8,10446,.\videos\10446.mp4,32,test,1,-1,25,"[693, 70, 1631, 1073]"
child,8,10447,.\videos\10447.mp4,59,train,1,-1,25,"[50, 24, 520, 480]"
child,8,10449,.\videos\10449.mp4,10,val,1,-1,25,"[50, 17, 219, 192]"
come,9,69275,.\videos\69275.mp4,115,test,1,-1,25,"[140, 37, 943, 720]"
come,9,11884,.\videos\11884.mp4,12,train,1,-1,25,"[178, 59, 534, 400]"
come,9,11876,.\videos\11876.mp4,56,train,1,-1,25,"[63, 13, 261, 240]"
come,9,11877,.\videos\11877.mp4,31,train,1,-1,25,"[540, 64, 1480, 1080]"
come,9,11878,.\videos\11878.mp4,59,val,1,-1,25,"[84, 27, 590, 480]"
come,9,11882,.\videos\11882.mp4,11,train,1,-1,25,"[82, 14, 230, 192]"
apple,4,personal_1753086535,my_recorded_signs\apple_1753086535.npy,personal,train,1,-1,25,"[0, 0, 0, 0]"
apple,4,personal_1753086544,my_recorded_signs\apple_1753086544.npy,personal,train,1,-1,25,"[0, 0, 0, 0]"
apple,4,personal_1753086553,my_recorded_signs\apple_1753086553.npy,personal,train,1,-1,25,"[0, 0, 0, 0]"
apple,4,personal_1753086562,my_recorded_signs\apple_1753086562.npy,personal,train,1,-1,25,"[0, 0, 0, 0]"
apple,4,personal_1753086570,my_recorded_signs\apple_1753086570.npy,personal,train,1,-1,25,"[0, 0, 0, 0]"
apple,4,personal_1753086578,my_recorded_signs\apple_1753086578.npy,personal,train,1,-1,25,"[0, 0, 0, 0]"
apple,4,personal_1753086587,my_recorded_signs\apple_1753086587.npy,personal,train,1,-1,25,"[0, 0, 0, 0]"
apple,4,personal_1753086602,my_recorded_signs\apple_1753086602.npy,personal,train,1,-1,25,"[0, 0, 0, 0]"
apple,4,personal_1753086624,my_recorded_signs\apple_1753086624.npy,personal,train,1,-1,25,"[0, 0, 0, 0]"
apple,4,personal_1753086633,my_recorded_signs\apple_1753086633.npy,personal,train,1,-1,25,"[0, 0, 0, 0]"
apple,4,personal_1753086643,my_recorded_signs\apple_1753086643.npy,personal,train,1,-1,25,"[0, 0, 0, 0]"
apple,4,personal_1753086653,my_recorded_signs\apple_1753086653.npy,personal,train,1,-1,25,"[0, 0, 0, 0]"
apple,4,personal_1753086662,my_recorded_signs\apple_1753086662.npy,personal,train,1,-1,25,"[0, 0, 0, 0]"
apple,4,personal_1753086671,my_recorded_signs\apple_1753086671.npy,personal,train,1,-1,25,"[0, 0, 0, 0]"
apple,4,personal_1753086683,my_recorded_signs\apple_1753086683.npy,personal,train,1,-1,25,"[0, 0, 0, 0]"
apple,4,personal_1753086692,my_recorded_signs\apple_1753086692.npy,personal,train,1,-1,25,"[0, 0, 0, 0]"
apple,4,personal_1753086702,my_recorded_signs\apple_1753086702.npy,personal,train,1,-1,25,"[0, 0, 0, 0]"
apple,4,personal_1753086715,my_recorded_signs\apple_1753086715.npy,personal,train,1,-1,25,"[0, 0, 0, 0]"
apple,4,personal_1753086726,my_recorded_signs\apple_1753086726.npy,personal,train,1,-1,25,"[0, 0, 0, 0]"
apple,4,personal_1753086735,my_recorded_signs\apple_1753086735.npy,personal,train,1,-1,25,"[0, 0, 0, 0]"
apple,4,personal_1753086744,my_recorded_signs\apple_1753086744.npy,personal,train,1,-1,25,"[0, 0, 0, 0]"
apple,4,personal_1753086754,my_recorded_signs\apple_1753086754.npy,personal,train,1,-1,25,"[0, 0, 0, 0]"
apple,4,personal_1753086763,my_recorded_signs\apple_1753086763.npy,personal,train,1,-1,25,"[0, 0, 0, 0]"
apple,4,personal_1753086772,my_recorded_signs\apple_1753086772.npy,personal,train,1,-1,25,"[0, 0, 0, 0]"
apple,4,personal_1753086782,my_recorded_signs\apple_1753086782.npy,personal,train,1,-1,25,"[0, 0, 0, 0]"
apple,4,personal_1753171696,my_recorded_signs\apple_1753171696.npy,personal,train,1,-1,25,"[0, 0, 0, 0]"
apple,4,personal_1753171707,my_recorded_signs\apple_1753171707.npy,personal,train,1,-1,25,"[0, 0, 0, 0]"
apple,4,personal_1753171715,my_recorded_signs\apple_1753171715.npy,personal,train,1,-1,25,"[0, 0, 0, 0]"
apple,4,personal_1753171728,my_recorded_signs\apple_1753171728.npy,personal,train,1,-1,25,"[0, 0, 0, 0]"
apple,4,personal_1753171738,my_recorded_signs\apple_1753171738.npy,personal,train,1,-1,25,"[0, 0, 0, 0]"
apple,4,personal_1753171747,my_recorded_signs\apple_1753171747.npy,personal,train,1,-1,25,"[0, 0, 0, 0]"
apple,4,personal_1753171756,my_recorded_signs\apple_1753171756.npy,personal,train,1,-1,25,"[0, 0, 0, 0]"
apple,4,personal_1753171766,my_recorded_signs\apple_1753171766.npy,personal,train,1,-1,25,"[0, 0, 0, 0]"
apple,4,personal_1753171778,my_recorded_signs\apple_1753171778.npy,personal,train,1,-1,25,"[0, 0, 0, 0]"
apple,4,personal_1753171787,my_recorded_signs\apple_1753171787.npy,personal,train,1,-1,25,"[0, 0, 0, 0]"
apple,4,personal_1753171797,my_recorded_signs\apple_1753171797.npy,personal,train,1,-1,25,"[0, 0, 0, 0]"
apple,4,personal_1753171807,my_recorded_signs\apple_1753171807.npy,personal,train,1,-1,25,"[0, 0, 0, 0]"
apple,4,personal_1753171817,my_recorded_signs\apple_1753171817.npy,personal,train,1,-1,25,"[0, 0, 0, 0]"
apple,4,personal_1753171827,my_recorded_signs\apple_1753171827.npy,personal,train,1,-1,25,"[0, 0, 0, 0]"
apple,4,personal_1753171838,my_recorded_signs\apple_1753171838.npy,personal,train,1,-1,25,"[0, 0, 0, 0]"
apple,4,personal_1753171847,my_recorded_signs\apple_1753171847.npy,personal,train,1,-1,25,"[0, 0, 0, 0]"
apple,4,personal_1753171856,my_recorded_signs\apple_1753171856.npy,personal,train,1,-1,25,"[0, 0, 0, 0]"
apple,4,personal_1753183653,my_recorded_signs\apple_1753183653.npy,personal,train,1,-1,25,"[0, 0, 0, 0]"
apple,4,personal_1753183661,my_recorded_signs\apple_1753183661.npy,personal,train,1,-1,25,"[0, 0, 0, 0]"
apple,4,personal_1753183670,my_recorded_signs\apple_1753183670.npy,personal,train,1,-1,25,"[0, 0, 0, 0]"
apple,4,personal_1753183679,my_recorded_signs\apple_1753183679.npy,personal,train,1,-1,25,"[0, 0, 0, 0]"
apple,4,personal_1753183688,my_recorded_signs\apple_1753183688.npy,personal,train,1,-1,25,"[0, 0, 0, 0]"
apple,4,personal_1753183697,my_recorded_signs\apple_1753183697.npy,personal,train,1,-1,25,"[0, 0, 0, 0]"
apple,4,personal_1753183708,my_recorded_signs\apple_1753183708.npy,personal,train,1,-1,25,"[0, 0, 0, 0]"
apple,4,personal_1753183717,my_recorded_signs\apple_1753183717.npy,personal,train,1,-1,25,"[0, 0, 0, 0]"
apple,4,personal_1753183726,my_recorded_signs\apple_1753183726.npy,personal,train,1,-1,25,"[0, 0, 0, 0]"
apple,4,personal_1753206542,my_recorded_signs\apple_1753206542.npy,personal,train,1,-1,25,"[0, 0, 0, 0]"
apple,4,personal_1753206551,my_recorded_signs\apple_1753206551.npy,personal,train,1,-1,25,"[0, 0, 0, 0]"
apple,4,personal_1753206559,my_recorded_signs\apple_1753206559.npy,personal,train,1,-1,25,"[0, 0, 0, 0]"
apple,4,personal_1753206568,my_recorded_signs\apple_1753206568.npy,personal,train,1,-1,25,"[0, 0, 0, 0]"
apple,4,personal_1753206576,my_recorded_signs\apple_1753206576.npy,personal,train,1,-1,25,"[0, 0, 0, 0]"
apple,4,personal_1753206585,my_recorded_signs\apple_1753206585.npy,personal,train,1,-1,25,"[0, 0, 0, 0]"
apple,4,personal_1753206615,my_recorded_signs\apple_1753206615.npy,personal,train,1,-1,25,"[0, 0, 0, 0]"
apple,4,personal_1753206624,my_recorded_signs\apple_1753206624.npy,personal,train,1,-1,25,"[0, 0, 0, 0]"
apple,4,personal_1753206633,my_recorded_signs\apple_1753206633.npy,personal,train,1,-1,25,"[0, 0, 0, 0]"
apple,4,personal_1753206641,my_recorded_signs\apple_1753206641.npy,personal,train,1,-1,25,"[0, 0, 0, 0]"
apple,4,personal_1753206650,my_recorded_signs\apple_1753206650.npy,personal,train,1,-1,25,"[0, 0, 0, 0]"
apple,4,personal_1753274889,my_recorded_signs\apple_1753274889.npy,personal,train,1,-1,25,"[0, 0, 0, 0]"
apple,4,personal_1753274898,my_recorded_signs\apple_1753274898.npy,personal,train,1,-1,25,"[0, 0, 0, 0]"
apple,4,personal_1753274910,my_recorded_signs\apple_1753274910.npy,personal,train,1,-1,25,"[0, 0, 0, 0]"
apple,4,personal_1753274918,my_recorded_signs\apple_1753274918.npy,personal,train,1,-1,25,"[0, 0, 0, 0]"
apple,4,personal_1753274927,my_recorded_signs\apple_1753274927.npy,personal,train,1,-1,25,"[0, 0, 0, 0]"
apple,4,personal_1753367091,my_recorded_signs\apple_1753367091.npy,personal,train,1,-1,25,"[0, 0, 0, 0]"
apple,4,personal_1753367099,my_recorded_signs\apple_1753367099.npy,personal,train,1,-1,25,"[0, 0, 0, 0]"
apple,4,personal_1753367108,my_recorded_signs\apple_1753367108.npy,personal,train,1,-1,25,"[0, 0, 0, 0]"
apple,4,personal_1753367117,my_recorded_signs\apple_1753367117.npy,personal,train,1,-1,25,"[0, 0, 0, 0]"
apple,4,personal_1753367126,my_recorded_signs\apple_1753367126.npy,personal,train,1,-1,25,"[0, 0, 0, 0]"
apple,4,personal_1753367134,my_recorded_signs\apple_1753367134.npy,personal,train,1,-1,25,"[0, 0, 0, 0]"
apple,4,personal_1753367143,my_recorded_signs\apple_1753367143.npy,personal,train,1,-1,25,"[0, 0, 0, 0]"
apple,4,personal_1753367154,my_recorded_signs\apple_1753367154.npy,personal,train,1,-1,25,"[0, 0, 0, 0]"
apple,4,personal_1753367163,my_recorded_signs\apple_1753367163.npy,personal,train,1,-1,25,"[0, 0, 0, 0]"
apple,4,personal_1753367174,my_recorded_signs\apple_1753367174.npy,personal,train,1,-1,25,"[0, 0, 0, 0]"
black,1,personal_1753085581,my_recorded_signs\black_1753085581.npy,personal,train,1,-1,25,"[0, 0, 0, 0]"
black,1,personal_1753085593,my_recorded_signs\black_1753085593.npy,personal,train,1,-1,25,"[0, 0, 0, 0]"
black,1,personal_1753085605,my_recorded_signs\black_1753085605.npy,personal,train,1,-1,25,"[0, 0, 0, 0]"
black,1,personal_1753085616,my_recorded_signs\black_1753085616.npy,personal,train,1,-1,25,"[0, 0, 0, 0]"
black,1,personal_1753085627,my_recorded_signs\black_1753085627.npy,personal,train,1,-1,25,"[0, 0, 0, 0]"
black,1,personal_1753085637,my_recorded_signs\black_1753085637.npy,personal,train,1,-1,25,"[0, 0, 0, 0]"
black,1,personal_1753085648,my_recorded_signs\black_1753085648.npy,personal,train,1,-1,25,"[0, 0, 0, 0]"
black,1,personal_1753085660,my_recorded_signs\black_1753085660.npy,personal,train,1,-1,25,"[0, 0, 0, 0]"
black,1,personal_1753085673,my_recorded_signs\black_1753085673.npy,personal,train,1,-1,25,"[0, 0, 0, 0]"
black,1,personal_1753085684,my_recorded_signs\black_1753085684.npy,personal,train,1,-1,25,"[0, 0, 0, 0]"
black,1,personal_1753085695,my_recorded_signs\black_1753085695.npy,personal,train,1,-1,25,"[0, 0, 0, 0]"
black,1,personal_1753085705,my_recorded_signs\black_1753085705.npy,personal,train,1,-1,25,"[0, 0, 0, 0]"
black,1,personal_1753085715,my_recorded_signs\black_1753085715.npy,personal,train,1,-1,25,"[0, 0, 0, 0]"
black,1,personal_1753085725,my_recorded_signs\black_1753085725.npy,personal,train,1,-1,25,"[0, 0, 0, 0]"
black,1,personal_1753085735,my_recorded_signs\black_1753085735.npy,personal,train,1,-1,25,"[0, 0, 0, 0]"
black,1,personal_1753085744,my_recorded_signs\black_1753085744.npy,personal,train,1,-1,25,"[0, 0, 0, 0]"
black,1,personal_1753085756,my_recorded_signs\black_1753085756.npy,personal,train,1,-1,25,"[0, 0, 0, 0]"
black,1,personal_1753085770,my_recorded_signs\black_1753085770.npy,personal,train,1,-1,25,"[0, 0, 0, 0]"
black,1,personal_1753085787,my_recorded_signs\black_1753085787.npy,personal,train,1,-1,25,"[0, 0, 0, 0]"
black,1,personal_1753085797,my_recorded_signs\black_1753085797.npy,personal,train,1,-1,25,"[0, 0, 0, 0]"
black,1,personal_1753175295,my_recorded_signs\black_1753175295.npy,personal,train,1,-1,25,"[0, 0, 0, 0]"
black,1,personal_1753175308,my_recorded_signs\black_1753175308.npy,personal,train,1,-1,25,"[0, 0, 0, 0]"
black,1,personal_1753175317,my_recorded_signs\black_1753175317.npy,personal,train,1,-1,25,"[0, 0, 0, 0]"
black,1,personal_1753175331,my_recorded_signs\black_1753175331.npy,personal,train,1,-1,25,"[0, 0, 0, 0]"
black,1,personal_1753175339,my_recorded_signs\black_1753175339.npy,personal,train,1,-1,25,"[0, 0, 0, 0]"
black,1,personal_1753175348,my_recorded_signs\black_1753175348.npy,personal,train,1,-1,25,"[0, 0, 0, 0]"
black,1,personal_1753175356,my_recorded_signs\black_1753175356.npy,personal,train,1,-1,25,"[0, 0, 0, 0]"
black,1,personal_1753183331,my_recorded_signs\black_1753183331.npy,personal,train,1,-1,25,"[0, 0, 0, 0]"
black,1,personal_1753183377,my_recorded_signs\black_1753183377.npy,personal,train,1,-1,25,"[0, 0, 0, 0]"
black,1,personal_1753183390,my_recorded_signs\black_1753183390.npy,personal,train,1,-1,25,"[0, 0, 0, 0]"
black,1,personal_1753183409,my_recorded_signs\black_1753183409.npy,personal,train,1,-1,25,"[0, 0, 0, 0]"
black,1,personal_1753183419,my_recorded_signs\black_1753183419.npy,personal,train,1,-1,25,"[0, 0, 0, 0]"
black,1,personal_1753183470,my_recorded_signs\black_1753183470.npy,personal,train,1,-1,25,"[0, 0, 0, 0]"
black,1,personal_1753183479,my_recorded_signs\black_1753183479.npy,personal,train,1,-1,25,"[0, 0, 0, 0]"
black,1,personal_1753183487,my_recorded_signs\black_1753183487.npy,personal,train,1,-1,25,"[0, 0, 0, 0]"
black,1,personal_1753183496,my_recorded_signs\black_1753183496.npy,personal,train,1,-1,25,"[0, 0, 0, 0]"
black,1,personal_1753183511,my_recorded_signs\black_1753183511.npy,personal,train,1,-1,25,"[0, 0, 0, 0]"
black,1,personal_1753366647,my_recorded_signs\black_1753366647.npy,personal,train,1,-1,25,"[0, 0, 0, 0]"
black,1,personal_1753366656,my_recorded_signs\black_1753366656.npy,personal,train,1,-1,25,"[0, 0, 0, 0]"
black,1,personal_1753366664,my_recorded_signs\black_1753366664.npy,personal,train,1,-1,25,"[0, 0, 0, 0]"
black,1,personal_1753366672,my_recorded_signs\black_1753366672.npy,personal,train,1,-1,25,"[0, 0, 0, 0]"
black,1,personal_1753366681,my_recorded_signs\black_1753366681.npy,personal,train,1,-1,25,"[0, 0, 0, 0]"
black,1,personal_1753366699,my_recorded_signs\black_1753366699.npy,personal,train,1,-1,25,"[0, 0, 0, 0]"
black,1,personal_1753366707,my_recorded_signs\black_1753366707.npy,personal,train,1,-1,25,"[0, 0, 0, 0]"
black,1,personal_1753366716,my_recorded_signs\black_1753366716.npy,personal,train,1,-1,25,"[0, 0, 0, 0]"
black,1,personal_1753366725,my_recorded_signs\black_1753366725.npy,personal,train,1,-1,25,"[0, 0, 0, 0]"
blue,2,personal_1753085844,my_recorded_signs\blue_1753085844.npy,personal,train,1,-1,25,"[0, 0, 0, 0]"
blue,2,personal_1753085855,my_recorded_signs\blue_1753085855.npy,personal,train,1,-1,25,"[0, 0, 0, 0]"
blue,2,personal_1753085863,my_recorded_signs\blue_1753085863.npy,personal,train,1,-1,25,"[0, 0, 0, 0]"
blue,2,personal_1753085872,my_recorded_signs\blue_1753085872.npy,personal,train,1,-1,25,"[0, 0, 0, 0]"
blue,2,personal_1753085882,my_recorded_signs\blue_1753085882.npy,personal,train,1,-1,25,"[0, 0, 0, 0]"
blue,2,personal_1753085893,my_recorded_signs\blue_1753085893.npy,personal,train,1,-1,25,"[0, 0, 0, 0]"
blue,2,personal_1753085912,my_recorded_signs\blue_1753085912.npy,personal,train,1,-1,25,"[0, 0, 0, 0]"
blue,2,personal_1753085922,my_recorded_signs\blue_1753085922.npy,personal,train,1,-1,25,"[0, 0, 0, 0]"
blue,2,personal_1753085957,my_recorded_signs\blue_1753085957.npy,personal,train,1,-1,25,"[0, 0, 0, 0]"
blue,2,personal_1753085966,my_recorded_signs\blue_1753085966.npy,personal,train,1,-1,25,"[0, 0, 0, 0]"
blue,2,personal_1753085976,my_recorded_signs\blue_1753085976.npy,personal,train,1,-1,25,"[0, 0, 0, 0]"
blue,2,personal_1753085984,my_recorded_signs\blue_1753085984.npy,personal,train,1,-1,25,"[0, 0, 0, 0]"
blue,2,personal_1753085995,my_recorded_signs\blue_1753085995.npy,personal,train,1,-1,25,"[0, 0, 0, 0]"
blue,2,personal_1753086005,my_recorded_signs\blue_1753086005.npy,personal,train,1,-1,25,"[0, 0, 0, 0]"
blue,2,personal_1753086020,my_recorded_signs\blue_1753086020.npy,personal,train,1,-1,25,"[0, 0, 0, 0]"
blue,2,personal_1753086030,my_recorded_signs\blue_1753086030.npy,personal,train,1,-1,25,"[0, 0, 0, 0]"
blue,2,personal_1753086040,my_recorded_signs\blue_1753086040.npy,personal,train,1,-1,25,"[0, 0, 0, 0]"
blue,2,personal_1753086050,my_recorded_signs\blue_1753086050.npy,personal,train,1,-1,25,"[0, 0, 0, 0]"
blue,2,personal_1753086060,my_recorded_signs\blue_1753086060.npy,personal,train,1,-1,25,"[0, 0, 0, 0]"
blue,2,personal_1753086069,my_recorded_signs\blue_1753086069.npy,personal,train,1,-1,25,"[0, 0, 0, 0]"
blue,2,personal_1753086080,my_recorded_signs\blue_1753086080.npy,personal,train,1,-1,25,"[0, 0, 0, 0]"
blue,2,personal_1753175373,my_recorded_signs\blue_1753175373.npy,personal,train,1,-1,25,"[0, 0, 0, 0]"
blue,2,personal_1753175384,my_recorded_signs\blue_1753175384.npy,personal,train,1,-1,25,"[0, 0, 0, 0]"
blue,2,personal_1753175392,my_recorded_signs\blue_1753175392.npy,personal,train,1,-1,25,"[0, 0, 0, 0]"
blue,2,personal_1753175400,my_recorded_signs\blue_1753175400.npy,personal,train,1,-1,25,"[0, 0, 0, 0]"
blue,2,personal_1753175408,my_recorded_signs\blue_1753175408.npy,personal,train,1,-1,25,"[0, 0, 0, 0]"
blue,2,personal_1753175417,my_recorded_signs\blue_1753175417.npy,personal,train,1,-1,25,"[0, 0, 0, 0]"
blue,2,personal_1753175426,my_recorded_signs\blue_1753175426.npy,personal,train,1,-1,25,"[0, 0, 0, 0]"
blue,2,personal_1753206662,my_recorded_signs\blue_1753206662.npy,personal,train,1,-1,25,"[0, 0, 0, 0]"
blue,2,personal_1753206671,my_recorded_signs\blue_1753206671.npy,personal,train,1,-1,25,"[0, 0, 0, 0]"
blue,2,personal_1753206699,my_recorded_signs\blue_1753206699.npy,personal,train,1,-1,25,"[0, 0, 0, 0]"
blue,2,personal_1753206707,my_recorded_signs\blue_1753206707.npy,personal,train,1,-1,25,"[0, 0, 0, 0]"
blue,2,personal_1753206718,my_recorded_signs\blue_1753206718.npy,personal,train,1,-1,25,"[0, 0, 0, 0]"
blue,2,personal_1753206726,my_recorded_signs\blue_1753206726.npy,personal,train,1,-1,25,"[0, 0, 0, 0]"
blue,2,personal_1753206735,my_recorded_signs\blue_1753206735.npy,personal,train,1,-1,25,"[0, 0, 0, 0]"
blue,2,personal_1753206744,my_recorded_signs\blue_1753206744.npy,personal,train,1,-1,25,"[0, 0, 0, 0]"
blue,2,personal_1753206753,my_recorded_signs\blue_1753206753.npy,personal,train,1,-1,25,"[0, 0, 0, 0]"
blue,2,personal_1753206761,my_recorded_signs\blue_1753206761.npy,personal,train,1,-1,25,"[0, 0, 0, 0]"
blue,2,personal_1753262291,my_recorded_signs\blue_1753262291.npy,personal,train,1,-1,25,"[0, 0, 0, 0]"
blue,2,personal_1753262303,my_recorded_signs\blue_1753262303.npy,personal,train,1,-1,25,"[0, 0, 0, 0]"
blue,2,personal_1753262311,my_recorded_signs\blue_1753262311.npy,personal,train,1,-1,25,"[0, 0, 0, 0]"
blue,2,personal_1753262319,my_recorded_signs\blue_1753262319.npy,personal,train,1,-1,25,"[0, 0, 0, 0]"
blue,2,personal_1753262327,my_recorded_signs\blue_1753262327.npy,personal,train,1,-1,25,"[0, 0, 0, 0]"
blue,2,personal_1753262335,my_recorded_signs\blue_1753262335.npy,personal,train,1,-1,25,"[0, 0, 0, 0]"
blue,2,personal_1753262343,my_recorded_signs\blue_1753262343.npy,personal,train,1,-1,25,"[0, 0, 0, 0]"
blue,2,personal_1753262351,my_recorded_signs\blue_1753262351.npy,personal,train,1,-1,25,"[0, 0, 0, 0]"
blue,2,personal_1753262359,my_recorded_signs\blue_1753262359.npy,personal,train,1,-1,25,"[0, 0, 0, 0]"
blue,2,personal_1753262366,my_recorded_signs\blue_1753262366.npy,personal,train,1,-1,25,"[0, 0, 0, 0]"
blue,2,personal_1753262375,my_recorded_signs\blue_1753262375.npy,personal,train,1,-1,25,"[0, 0, 0, 0]"
blue,2,personal_1753262383,my_recorded_signs\blue_1753262383.npy,personal,train,1,-1,25,"[0, 0, 0, 0]"
blue,2,personal_1753262391,my_recorded_signs\blue_1753262391.npy,personal,train,1,-1,25,"[0, 0, 0, 0]"
blue,2,personal_1753262399,my_recorded_signs\blue_1753262399.npy,personal,train,1,-1,25,"[0, 0, 0, 0]"
blue,2,personal_1753262408,my_recorded_signs\blue_1753262408.npy,personal,train,1,-1,25,"[0, 0, 0, 0]"
blue,2,personal_1753262416,my_recorded_signs\blue_1753262416.npy,personal,train,1,-1,25,"[0, 0, 0, 0]"
blue,2,personal_1753262424,my_recorded_signs\blue_1753262424.npy,personal,train,1,-1,25,"[0, 0, 0, 0]"
blue,2,personal_1753262432,my_recorded_signs\blue_1753262432.npy,personal,train,1,-1,25,"[0, 0, 0, 0]"
blue,2,personal_1753262441,my_recorded_signs\blue_1753262441.npy,personal,train,1,-1,25,"[0, 0, 0, 0]"
blue,2,personal_1753262453,my_recorded_signs\blue_1753262453.npy,personal,train,1,-1,25,"[0, 0, 0, 0]"
blue,2,personal_1753262462,my_recorded_signs\blue_1753262462.npy,personal,train,1,-1,25,"[0, 0, 0, 0]"
blue,2,personal_1753262471,my_recorded_signs\blue_1753262471.npy,personal,train,1,-1,25,"[0, 0, 0, 0]"
blue,2,personal_1753262480,my_recorded_signs\blue_1753262480.npy,personal,train,1,-1,25,"[0, 0, 0, 0]"
blue,2,personal_1753262491,my_recorded_signs\blue_1753262491.npy,personal,train,1,-1,25,"[0, 0, 0, 0]"
blue,2,personal_1753262500,my_recorded_signs\blue_1753262500.npy,personal,train,1,-1,25,"[0, 0, 0, 0]"
blue,2,personal_1753262509,my_recorded_signs\blue_1753262509.npy,personal,train,1,-1,25,"[0, 0, 0, 0]"
blue,2,personal_1753262517,my_recorded_signs\blue_1753262517.npy,personal,train,1,-1,25,"[0, 0, 0, 0]"
blue,2,personal_1753262524,my_recorded_signs\blue_1753262524.npy,personal,train,1,-1,25,"[0, 0, 0, 0]"
blue,2,personal_1753262533,my_recorded_signs\blue_1753262533.npy,personal,train,1,-1,25,"[0, 0, 0, 0]"
blue,2,personal_1753262542,my_recorded_signs\blue_1753262542.npy,personal,train,1,-1,25,"[0, 0, 0, 0]"
blue,2,personal_1753262551,my_recorded_signs\blue_1753262551.npy,personal,train,1,-1,25,"[0, 0, 0, 0]"
blue,2,personal_1753262560,my_recorded_signs\blue_1753262560.npy,personal,train,1,-1,25,"[0, 0, 0, 0]"
blue,2,personal_1753262568,my_recorded_signs\blue_1753262568.npy,personal,train,1,-1,25,"[0, 0, 0, 0]"
blue,2,personal_1753262586,my_recorded_signs\blue_1753262586.npy,personal,train,1,-1,25,"[0, 0, 0, 0]"
blue,2,personal_1753262596,my_recorded_signs\blue_1753262596.npy,personal,train,1,-1,25,"[0, 0, 0, 0]"
blue,2,personal_1753262605,my_recorded_signs\blue_1753262605.npy,personal,train,1,-1,25,"[0, 0, 0, 0]"
blue,2,personal_1753262615,my_recorded_signs\blue_1753262615.npy,personal,train,1,-1,25,"[0, 0, 0, 0]"
blue,2,personal_1753262625,my_recorded_signs\blue_1753262625.npy,personal,train,1,-1,25,"[0, 0, 0, 0]"
blue,2,personal_1753262635,my_recorded_signs\blue_1753262635.npy,personal,train,1,-1,25,"[0, 0, 0, 0]"
blue,2,personal_1753262645,my_recorded_signs\blue_1753262645.npy,personal,train,1,-1,25,"[0, 0, 0, 0]"
blue,2,personal_1753366739,my_recorded_signs\blue_1753366739.npy,personal,train,1,-1,25,"[0, 0, 0, 0]"
blue,2,personal_1753366748,my_recorded_signs\blue_1753366748.npy,personal,train,1,-1,25,"[0, 0, 0, 0]"
blue,2,personal_1753366757,my_recorded_signs\blue_1753366757.npy,personal,train,1,-1,25,"[0, 0, 0, 0]"
blue,2,personal_1753366766,my_recorded_signs\blue_1753366766.npy,personal,train,1,-1,25,"[0, 0, 0, 0]"
blue,2,personal_1753366774,my_recorded_signs\blue_1753366774.npy,personal,train,1,-1,25,"[0, 0, 0, 0]"
blue,2,personal_1753366782,my_recorded_signs\blue_1753366782.npy,personal,train,1,-1,25,"[0, 0, 0, 0]"
blue,2,personal_1753366791,my_recorded_signs\blue_1753366791.npy,personal,train,1,-1,25,"[0, 0, 0, 0]"
blue,2,personal_1753366800,my_recorded_signs\blue_1753366800.npy,personal,train,1,-1,25,"[0, 0, 0, 0]"
blue,2,personal_1753366808,my_recorded_signs\blue_1753366808.npy,personal,train,1,-1,25,"[0, 0, 0, 0]"
brown,5,personal_1753086830,my_recorded_signs\brown_1753086830.npy,personal,train,1,-1,25,"[0, 0, 0, 0]"
brown,5,personal_1753086839,my_recorded_signs\brown_1753086839.npy,personal,train,1,-1,25,"[0, 0, 0, 0]"
brown,5,personal_1753086851,my_recorded_signs\brown_1753086851.npy,personal,train,1,-1,25,"[0, 0, 0, 0]"
brown,5,personal_1753086859,my_recorded_signs\brown_1753086859.npy,personal,train,1,-1,25,"[0, 0, 0, 0]"
brown,5,personal_1753086870,my_recorded_signs\brown_1753086870.npy,personal,train,1,-1,25,"[0, 0, 0, 0]"
brown,5,personal_1753086879,my_recorded_signs\brown_1753086879.npy,personal,train,1,-1,25,"[0, 0, 0, 0]"
brown,5,personal_1753086889,my_recorded_signs\brown_1753086889.npy,personal,train,1,-1,25,"[0, 0, 0, 0]"
brown,5,personal_1753086898,my_recorded_signs\brown_1753086898.npy,personal,train,1,-1,25,"[0, 0, 0, 0]"
brown,5,personal_1753086908,my_recorded_signs\brown_1753086908.npy,personal,train,1,-1,25,"[0, 0, 0, 0]"
brown,5,personal_1753086917,my_recorded_signs\brown_1753086917.npy,personal,train,1,-1,25,"[0, 0, 0, 0]"
brown,5,personal_1753086927,my_recorded_signs\brown_1753086927.npy,personal,train,1,-1,25,"[0, 0, 0, 0]"
brown,5,personal_1753086942,my_recorded_signs\brown_1753086942.npy,personal,train,1,-1,25,"[0, 0, 0, 0]"
brown,5,personal_1753086951,my_recorded_signs\brown_1753086951.npy,personal,train,1,-1,25,"[0, 0, 0, 0]"
brown,5,personal_1753086959,my_recorded_signs\brown_1753086959.npy,personal,train,1,-1,25,"[0, 0, 0, 0]"
brown,5,personal_1753086968,my_recorded_signs\brown_1753086968.npy,personal,train,1,-1,25,"[0, 0, 0, 0]"
brown,5,personal_1753086976,my_recorded_signs\brown_1753086976.npy,personal,train,1,-1,25,"[0, 0, 0, 0]"
brown,5,personal_1753086985,my_recorded_signs\brown_1753086985.npy,personal,train,1,-1,25,"[0, 0, 0, 0]"
brown,5,personal_1753086994,my_recorded_signs\brown_1753086994.npy,personal,train,1,-1,25,"[0, 0, 0, 0]"
brown,5,personal_1753087007,my_recorded_signs\brown_1753087007.npy,personal,train,1,-1,25,"[0, 0, 0, 0]"
brown,5,personal_1753087015,my_recorded_signs\brown_1753087015.npy,personal,train,1,-1,25,"[0, 0, 0, 0]"
brown,5,personal_1753087025,my_recorded_signs\brown_1753087025.npy,personal,train,1,-1,25,"[0, 0, 0, 0]"
brown,5,personal_1753087034,my_recorded_signs\brown_1753087034.npy,personal,train,1,-1,25,"[0, 0, 0, 0]"
brown,5,personal_1753087044,my_recorded_signs\brown_1753087044.npy,personal,train,1,-1,25,"[0, 0, 0, 0]"
brown,5,personal_1753172046,my_recorded_signs\brown_1753172046.npy,personal,train,1,-1,25,"[0, 0, 0, 0]"
brown,5,personal_1753172058,my_recorded_signs\brown_1753172058.npy,personal,train,1,-1,25,"[0, 0, 0, 0]"
brown,5,personal_1753172067,my_recorded_signs\brown_1753172067.npy,personal,train,1,-1,25,"[0, 0, 0, 0]"
brown,5,personal_1753172076,my_recorded_signs\brown_1753172076.npy,personal,train,1,-1,25,"[0, 0, 0, 0]"
brown,5,personal_1753172086,my_recorded_signs\brown_1753172086.npy,personal,train,1,-1,25,"[0, 0, 0, 0]"
brown,5,personal_1753172095,my_recorded_signs\brown_1753172095.npy,personal,train,1,-1,25,"[0, 0, 0, 0]"
brown,5,personal_1753172103,my_recorded_signs\brown_1753172103.npy,personal,train,1,-1,25,"[0, 0, 0, 0]"
brown,5,personal_1753172112,my_recorded_signs\brown_1753172112.npy,personal,train,1,-1,25,"[0, 0, 0, 0]"
brown,5,personal_1753172123,my_recorded_signs\brown_1753172123.npy,personal,train,1,-1,25,"[0, 0, 0, 0]"
brown,5,personal_1753172132,my_recorded_signs\brown_1753172132.npy,personal,train,1,-1,25,"[0, 0, 0, 0]"
brown,5,personal_1753172140,my_recorded_signs\brown_1753172140.npy,personal,train,1,-1,25,"[0, 0, 0, 0]"
brown,5,personal_1753172149,my_recorded_signs\brown_1753172149.npy,personal,train,1,-1,25,"[0, 0, 0, 0]"
brown,5,personal_1753172158,my_recorded_signs\brown_1753172158.npy,personal,train,1,-1,25,"[0, 0, 0, 0]"
brown,5,personal_1753172167,my_recorded_signs\brown_1753172167.npy,personal,train,1,-1,25,"[0, 0, 0, 0]"
brown,5,personal_1753172178,my_recorded_signs\brown_1753172178.npy,personal,train,1,-1,25,"[0, 0, 0, 0]"
brown,5,personal_1753172187,my_recorded_signs\brown_1753172187.npy,personal,train,1,-1,25,"[0, 0, 0, 0]"
brown,5,personal_1753172195,my_recorded_signs\brown_1753172195.npy,personal,train,1,-1,25,"[0, 0, 0, 0]"
brown,5,personal_1753172205,my_recorded_signs\brown_1753172205.npy,personal,train,1,-1,25,"[0, 0, 0, 0]"
brown,5,personal_1753172214,my_recorded_signs\brown_1753172214.npy,personal,train,1,-1,25,"[0, 0, 0, 0]"
brown,5,personal_1753172222,my_recorded_signs\brown_1753172222.npy,personal,train,1,-1,25,"[0, 0, 0, 0]"
brown,5,personal_1753172231,my_recorded_signs\brown_1753172231.npy,personal,train,1,-1,25,"[0, 0, 0, 0]"
brown,5,personal_1753172241,my_recorded_signs\brown_1753172241.npy,personal,train,1,-1,25,"[0, 0, 0, 0]"
brown,5,personal_1753172250,my_recorded_signs\brown_1753172250.npy,personal,train,1,-1,25,"[0, 0, 0, 0]"
brown,5,personal_1753172265,my_recorded_signs\brown_1753172265.npy,personal,train,1,-1,25,"[0, 0, 0, 0]"
brown,5,personal_1753183524,my_recorded_signs\brown_1753183524.npy,personal,train,1,-1,25,"[0, 0, 0, 0]"
brown,5,personal_1753183533,my_recorded_signs\brown_1753183533.npy,personal,train,1,-1,25,"[0, 0, 0, 0]"
brown,5,personal_1753183541,my_recorded_signs\brown_1753183541.npy,personal,train,1,-1,25,"[0, 0, 0, 0]"
brown,5,personal_1753183550,my_recorded_signs\brown_1753183550.npy,personal,train,1,-1,25,"[0, 0, 0, 0]"
brown,5,personal_1753183565,my_recorded_signs\brown_1753183565.npy,personal,train,1,-1,25,"[0, 0, 0, 0]"
brown,5,personal_1753183576,my_recorded_signs\brown_1753183576.npy,personal,train,1,-1,25,"[0, 0, 0, 0]"
brown,5,personal_1753183585,my_recorded_signs\brown_1753183585.npy,personal,train,1,-1,25,"[0, 0, 0, 0]"
brown,5,personal_1753183595,my_recorded_signs\brown_1753183595.npy,personal,train,1,-1,25,"[0, 0, 0, 0]"
brown,5,personal_1753183604,my_recorded_signs\brown_1753183604.npy,personal,train,1,-1,25,"[0, 0, 0, 0]"
brown,5,personal_1753183615,my_recorded_signs\brown_1753183615.npy,personal,train,1,-1,25,"[0, 0, 0, 0]"
brown,5,personal_1753183625,my_recorded_signs\brown_1753183625.npy,personal,train,1,-1,25,"[0, 0, 0, 0]"
brown,5,personal_1753183635,my_recorded_signs\brown_1753183635.npy,personal,train,1,-1,25,"[0, 0, 0, 0]"
brown,5,personal_1753206451,my_recorded_signs\brown_1753206451.npy,personal,train,1,-1,25,"[0, 0, 0, 0]"
brown,5,personal_1753206460,my_recorded_signs\brown_1753206460.npy,personal,train,1,-1,25,"[0, 0, 0, 0]"
brown,5,personal_1753206468,my_recorded_signs\brown_1753206468.npy,personal,train,1,-1,25,"[0, 0, 0, 0]"
brown,5,personal_1753206477,my_recorded_signs\brown_1753206477.npy,personal,train,1,-1,25,"[0, 0, 0, 0]"
brown,5,personal_1753206486,my_recorded_signs\brown_1753206486.npy,personal,train,1,-1,25,"[0, 0, 0, 0]"
brown,5,personal_1753206494,my_recorded_signs\brown_1753206494.npy,personal,train,1,-1,25,"[0, 0, 0, 0]"
brown,5,personal_1753206504,my_recorded_signs\brown_1753206504.npy,personal,train,1,-1,25,"[0, 0, 0, 0]"
brown,5,personal_1753206514,my_recorded_signs\brown_1753206514.npy,personal,train,1,-1,25,"[0, 0, 0, 0]"
brown,5,personal_1753206523,my_recorded_signs\brown_1753206523.npy,personal,train,1,-1,25,"[0, 0, 0, 0]"
brown,5,personal_1753206531,my_recorded_signs\brown_1753206531.npy,personal,train,1,-1,25,"[0, 0, 0, 0]"
brown,5,personal_1753262658,my_recorded_signs\brown_1753262658.npy,personal,train,1,-1,25,"[0, 0, 0, 0]"
brown,5,personal_1753262667,my_recorded_signs\brown_1753262667.npy,personal,train,1,-1,25,"[0, 0, 0, 0]"
brown,5,personal_1753262676,my_recorded_signs\brown_1753262676.npy,personal,train,1,-1,25,"[0, 0, 0, 0]"
brown,5,personal_1753262686,my_recorded_signs\brown_1753262686.npy,personal,train,1,-1,25,"[0, 0, 0, 0]"
brown,5,personal_1753262695,my_recorded_signs\brown_1753262695.npy,personal,train,1,-1,25,"[0, 0, 0, 0]"
brown,5,personal_1753262704,my_recorded_signs\brown_1753262704.npy,personal,train,1,-1,25,"[0, 0, 0, 0]"
brown,5,personal_1753262713,my_recorded_signs\brown_1753262713.npy,personal,train,1,-1,25,"[0, 0, 0, 0]"
brown,5,personal_1753262723,my_recorded_signs\brown_1753262723.npy,personal,train,1,-1,25,"[0, 0, 0, 0]"
brown,5,personal_1753262732,my_recorded_signs\brown_1753262732.npy,personal,train,1,-1,25,"[0, 0, 0, 0]"
brown,5,personal_1753262745,my_recorded_signs\brown_1753262745.npy,personal,train,1,-1,25,"[0, 0, 0, 0]"
brown,5,personal_1753262753,my_recorded_signs\brown_1753262753.npy,personal,train,1,-1,25,"[0, 0, 0, 0]"
brown,5,personal_1753262761,my_recorded_signs\brown_1753262761.npy,personal,train,1,-1,25,"[0, 0, 0, 0]"
brown,5,personal_1753262769,my_recorded_signs\brown_1753262769.npy,personal,train,1,-1,25,"[0, 0, 0, 0]"
brown,5,personal_1753262778,my_recorded_signs\brown_1753262778.npy,personal,train,1,-1,25,"[0, 0, 0, 0]"
brown,5,personal_1753262786,my_recorded_signs\brown_1753262786.npy,personal,train,1,-1,25,"[0, 0, 0, 0]"
brown,5,personal_1753262794,my_recorded_signs\brown_1753262794.npy,personal,train,1,-1,25,"[0, 0, 0, 0]"
brown,5,personal_1753262802,my_recorded_signs\brown_1753262802.npy,personal,train,1,-1,25,"[0, 0, 0, 0]"
brown,5,personal_1753262810,my_recorded_signs\brown_1753262810.npy,personal,train,1,-1,25,"[0, 0, 0, 0]"
brown,5,personal_1753262819,my_recorded_signs\brown_1753262819.npy,personal,train,1,-1,25,"[0, 0, 0, 0]"
brown,5,personal_1753262827,my_recorded_signs\brown_1753262827.npy,personal,train,1,-1,25,"[0, 0, 0, 0]"
brown,5,personal_1753262835,my_recorded_signs\brown_1753262835.npy,personal,train,1,-1,25,"[0, 0, 0, 0]"
brown,5,personal_1753262843,my_recorded_signs\brown_1753262843.npy,personal,train,1,-1,25,"[0, 0, 0, 0]"
brown,5,personal_1753262852,my_recorded_signs\brown_1753262852.npy,personal,train,1,-1,25,"[0, 0, 0, 0]"
brown,5,personal_1753262860,my_recorded_signs\brown_1753262860.npy,personal,train,1,-1,25,"[0, 0, 0, 0]"
brown,5,personal_1753262868,my_recorded_signs\brown_1753262868.npy,personal,train,1,-1,25,"[0, 0, 0, 0]"
brown,5,personal_1753262876,my_recorded_signs\brown_1753262876.npy,personal,train,1,-1,25,"[0, 0, 0, 0]"
brown,5,personal_1753262885,my_recorded_signs\brown_1753262885.npy,personal,train,1,-1,25,"[0, 0, 0, 0]"
brown,5,personal_1753262894,my_recorded_signs\brown_1753262894.npy,personal,train,1,-1,25,"[0, 0, 0, 0]"
brown,5,personal_1753262902,my_recorded_signs\brown_1753262902.npy,personal,train,1,-1,25,"[0, 0, 0, 0]"
brown,5,personal_1753262911,my_recorded_signs\brown_1753262911.npy,personal,train,1,-1,25,"[0, 0, 0, 0]"
brown,5,personal_1753262920,my_recorded_signs\brown_1753262920.npy,personal,train,1,-1,25,"[0, 0, 0, 0]"
brown,5,personal_1753262928,my_recorded_signs\brown_1753262928.npy,personal,train,1,-1,25,"[0, 0, 0, 0]"
brown,5,personal_1753262936,my_recorded_signs\brown_1753262936.npy,personal,train,1,-1,25,"[0, 0, 0, 0]"
brown,5,personal_1753262944,my_recorded_signs\brown_1753262944.npy,personal,train,1,-1,25,"[0, 0, 0, 0]"
brown,5,personal_1753262953,my_recorded_signs\brown_1753262953.npy,personal,train,1,-1,25,"[0, 0, 0, 0]"
brown,5,personal_1753262961,my_recorded_signs\brown_1753262961.npy,personal,train,1,-1,25,"[0, 0, 0, 0]"
brown,5,personal_1753367243,my_recorded_signs\brown_1753367243.npy,personal,train,1,-1,25,"[0, 0, 0, 0]"
brown,5,personal_1753367254,my_recorded_signs\brown_1753367254.npy,personal,train,1,-1,25,"[0, 0, 0, 0]"
brown,5,personal_1753367283,my_recorded_signs\brown_1753367283.npy,personal,train,1,-1,25,"[0, 0, 0, 0]"
brown,5,personal_1753367292,my_recorded_signs\brown_1753367292.npy,personal,train,1,-1,25,"[0, 0, 0, 0]"
brown,5,personal_1753367300,my_recorded_signs\brown_1753367300.npy,personal,train,1,-1,25,"[0, 0, 0, 0]"
brown,5,personal_1753367313,my_recorded_signs\brown_1753367313.npy,personal,train,1,-1,25,"[0, 0, 0, 0]"
brown,5,personal_1753367344,my_recorded_signs\brown_1753367344.npy,personal,train,1,-1,25,"[0, 0, 0, 0]"
brown,5,personal_1753367352,my_recorded_signs\brown_1753367352.npy,personal,train,1,-1,25,"[0, 0, 0, 0]"
brown,5,personal_1753367361,my_recorded_signs\brown_1753367361.npy,personal,train,1,-1,25,"[0, 0, 0, 0]"
brown,5,personal_1753367370,my_recorded_signs\brown_1753367370.npy,personal,train,1,-1,25,"[0, 0, 0, 0]"
brown,5,personal_1753367379,my_recorded_signs\brown_1753367379.npy,personal,train,1,-1,25,"[0, 0, 0, 0]"
can,3,personal_1753086108,my_recorded_signs\can_1753086108.npy,personal,train,1,-1,25,"[0, 0, 0, 0]"
can,3,personal_1753086118,my_recorded_signs\can_1753086118.npy,personal,train,1,-1,25,"[0, 0, 0, 0]"
can,3,personal_1753086127,my_recorded_signs\can_1753086127.npy,personal,train,1,-1,25,"[0, 0, 0, 0]"
can,3,personal_1753086136,my_recorded_signs\can_1753086136.npy,personal,train,1,-1,25,"[0, 0, 0, 0]"
can,3,personal_1753086146,my_recorded_signs\can_1753086146.npy,personal,train,1,-1,25,"[0, 0, 0, 0]"
can,3,personal_1753086155,my_recorded_signs\can_1753086155.npy,personal,train,1,-1,25,"[0, 0, 0, 0]"
can,3,personal_1753086165,my_recorded_signs\can_1753086165.npy,personal,train,1,-1,25,"[0, 0, 0, 0]"
can,3,personal_1753086174,my_recorded_signs\can_1753086174.npy,personal,train,1,-1,25,"[0, 0, 0, 0]"
can,3,personal_1753086186,my_recorded_signs\can_1753086186.npy,personal,train,1,-1,25,"[0, 0, 0, 0]"
can,3,personal_1753086197,my_recorded_signs\can_1753086197.npy,personal,train,1,-1,25,"[0, 0, 0, 0]"
can,3,personal_1753086207,my_recorded_signs\can_1753086207.npy,personal,train,1,-1,25,"[0, 0, 0, 0]"
can,3,personal_1753086218,my_recorded_signs\can_1753086218.npy,personal,train,1,-1,25,"[0, 0, 0, 0]"
can,3,personal_1753086228,my_recorded_signs\can_1753086228.npy,personal,train,1,-1,25,"[0, 0, 0, 0]"
can,3,personal_1753086241,my_recorded_signs\can_1753086241.npy,personal,train,1,-1,25,"[0, 0, 0, 0]"
can,3,personal_1753086249,my_recorded_signs\can_1753086249.npy,personal,train,1,-1,25,"[0, 0, 0, 0]"
can,3,personal_1753086261,my_recorded_signs\can_1753086261.npy,personal,train,1,-1,25,"[0, 0, 0, 0]"
can,3,personal_1753086339,my_recorded_signs\can_1753086339.npy,personal,train,1,-1,25,"[0, 0, 0, 0]"
can,3,personal_1753086352,my_recorded_signs\can_1753086352.npy,personal,train,1,-1,25,"[0, 0, 0, 0]"
can,3,personal_1753086361,my_recorded_signs\can_1753086361.npy,personal,train,1,-1,25,"[0, 0, 0, 0]"
can,3,personal_1753086369,my_recorded_signs\can_1753086369.npy,personal,train,1,-1,25,"[0, 0, 0, 0]"
can,3,personal_1753086378,my_recorded_signs\can_1753086378.npy,personal,train,1,-1,25,"[0, 0, 0, 0]"
can,3,personal_1753086387,my_recorded_signs\can_1753086387.npy,personal,train,1,-1,25,"[0, 0, 0, 0]"
can,3,personal_1753086396,my_recorded_signs\can_1753086396.npy,personal,train,1,-1,25,"[0, 0, 0, 0]"
can,3,personal_1753086405,my_recorded_signs\can_1753086405.npy,personal,train,1,-1,25,"[0, 0, 0, 0]"
can,3,personal_1753086415,my_recorded_signs\can_1753086415.npy,personal,train,1,-1,25,"[0, 0, 0, 0]"
can,3,personal_1753086423,my_recorded_signs\can_1753086423.npy,personal,train,1,-1,25,"[0, 0, 0, 0]"
can,3,personal_1753086432,my_recorded_signs\can_1753086432.npy,personal,train,1,-1,25,"[0, 0, 0, 0]"
can,3,personal_1753086441,my_recorded_signs\can_1753086441.npy,personal,train,1,-1,25,"[0, 0, 0, 0]"
can,3,personal_1753086452,my_recorded_signs\can_1753086452.npy,personal,train,1,-1,25,"[0, 0, 0, 0]"
can,3,personal_1753086462,my_recorded_signs\can_1753086462.npy,personal,train,1,-1,25,"[0, 0, 0, 0]"
can,3,personal_1753086473,my_recorded_signs\can_1753086473.npy,personal,train,1,-1,25,"[0, 0, 0, 0]"
can,3,personal_1753086501,my_recorded_signs\can_1753086501.npy,personal,train,1,-1,25,"[0, 0, 0, 0]"
can,3,personal_1753086512,my_recorded_signs\can_1753086512.npy,personal,train,1,-1,25,"[0, 0, 0, 0]"
can,3,personal_1753175438,my_recorded_signs\can_1753175438.npy,personal,train,1,-1,25,"[0, 0, 0, 0]"
can,3,personal_1753175448,my_recorded_signs\can_1753175448.npy,personal,train,1,-1,25,"[0, 0, 0, 0]"
can,3,personal_1753175456,my_recorded_signs\can_1753175456.npy,personal,train,1,-1,25,"[0, 0, 0, 0]"
can,3,personal_1753175465,my_recorded_signs\can_1753175465.npy,personal,train,1,-1,25,"[0, 0, 0, 0]"
can,3,personal_1753175477,my_recorded_signs\can_1753175477.npy,personal,train,1,-1,25,"[0, 0, 0, 0]"
can,3,personal_1753175485,my_recorded_signs\can_1753175485.npy,personal,train,1,-1,25,"[0, 0, 0, 0]"
can,3,personal_1753206162,my_recorded_signs\can_1753206162.npy,personal,train,1,-1,25,"[0, 0, 0, 0]"
can,3,personal_1753206182,my_recorded_signs\can_1753206182.npy,personal,train,1,-1,25,"[0, 0, 0, 0]"
can,3,personal_1753206191,my_recorded_signs\can_1753206191.npy,personal,train,1,-1,25,"[0, 0, 0, 0]"
can,3,personal_1753206199,my_recorded_signs\can_1753206199.npy,personal,train,1,-1,25,"[0, 0, 0, 0]"
can,3,personal_1753206208,my_recorded_signs\can_1753206208.npy,personal,train,1,-1,25,"[0, 0, 0, 0]"
can,3,personal_1753206218,my_recorded_signs\can_1753206218.npy,personal,train,1,-1,25,"[0, 0, 0, 0]"
can,3,personal_1753206226,my_recorded_signs\can_1753206226.npy,personal,train,1,-1,25,"[0, 0, 0, 0]"
can,3,personal_1753263384,my_recorded_signs\can_1753263384.npy,personal,train,1,-1,25,"[0, 0, 0, 0]"
can,3,personal_1753263394,my_recorded_signs\can_1753263394.npy,personal,train,1,-1,25,"[0, 0, 0, 0]"
can,3,personal_1753263403,my_recorded_signs\can_1753263403.npy,personal,train,1,-1,25,"[0, 0, 0, 0]"
can,3,personal_1753263411,my_recorded_signs\can_1753263411.npy,personal,train,1,-1,25,"[0, 0, 0, 0]"
can,3,personal_1753263420,my_recorded_signs\can_1753263420.npy,personal,train,1,-1,25,"[0, 0, 0, 0]"
can,3,personal_1753263431,my_recorded_signs\can_1753263431.npy,personal,train,1,-1,25,"[0, 0, 0, 0]"
can,3,personal_1753263441,my_recorded_signs\can_1753263441.npy,personal,train,1,-1,25,"[0, 0, 0, 0]"
can,3,personal_1753263449,my_recorded_signs\can_1753263449.npy,personal,train,1,-1,25,"[0, 0, 0, 0]"
can,3,personal_1753263458,my_recorded_signs\can_1753263458.npy,personal,train,1,-1,25,"[0, 0, 0, 0]"
can,3,personal_1753263466,my_recorded_signs\can_1753263466.npy,personal,train,1,-1,25,"[0, 0, 0, 0]"
can,3,personal_1753263475,my_recorded_signs\can_1753263475.npy,personal,train,1,-1,25,"[0, 0, 0, 0]"
can,3,personal_1753263483,my_recorded_signs\can_1753263483.npy,personal,train,1,-1,25,"[0, 0, 0, 0]"
can,3,personal_1753263492,my_recorded_signs\can_1753263492.npy,personal,train,1,-1,25,"[0, 0, 0, 0]"
can,3,personal_1753263500,my_recorded_signs\can_1753263500.npy,personal,train,1,-1,25,"[0, 0, 0, 0]"
can,3,personal_1753263508,my_recorded_signs\can_1753263508.npy,personal,train,1,-1,25,"[0, 0, 0, 0]"
can,3,personal_1753263517,my_recorded_signs\can_1753263517.npy,personal,train,1,-1,25,"[0, 0, 0, 0]"
can,3,personal_1753263525,my_recorded_signs\can_1753263525.npy,personal,train,1,-1,25,"[0, 0, 0, 0]"
can,3,personal_1753263533,my_recorded_signs\can_1753263533.npy,personal,train,1,-1,25,"[0, 0, 0, 0]"
can,3,personal_1753263542,my_recorded_signs\can_1753263542.npy,personal,train,1,-1,25,"[0, 0, 0, 0]"
can,3,personal_1753263550,my_recorded_signs\can_1753263550.npy,personal,train,1,-1,25,"[0, 0, 0, 0]"
can,3,personal_1753263561,my_recorded_signs\can_1753263561.npy,personal,train,1,-1,25,"[0, 0, 0, 0]"
can,3,personal_1753263570,my_recorded_signs\can_1753263570.npy,personal,train,1,-1,25,"[0, 0, 0, 0]"
can,3,personal_1753263579,my_recorded_signs\can_1753263579.npy,personal,train,1,-1,25,"[0, 0, 0, 0]"
can,3,personal_1753263589,my_recorded_signs\can_1753263589.npy,personal,train,1,-1,25,"[0, 0, 0, 0]"
can,3,personal_1753263598,my_recorded_signs\can_1753263598.npy,personal,train,1,-1,25,"[0, 0, 0, 0]"
can,3,personal_1753263607,my_recorded_signs\can_1753263607.npy,personal,train,1,-1,25,"[0, 0, 0, 0]"
can,3,personal_1753366987,my_recorded_signs\can_1753366987.npy,personal,train,1,-1,25,"[0, 0, 0, 0]"
can,3,personal_1753366995,my_recorded_signs\can_1753366995.npy,personal,train,1,-1,25,"[0, 0, 0, 0]"
can,3,personal_1753367004,my_recorded_signs\can_1753367004.npy,personal,train,1,-1,25,"[0, 0, 0, 0]"
can,3,personal_1753367013,my_recorded_signs\can_1753367013.npy,personal,train,1,-1,25,"[0, 0, 0, 0]"
can,3,personal_1753367022,my_recorded_signs\can_1753367022.npy,personal,train,1,-1,25,"[0, 0, 0, 0]"
can,3,personal_1753367030,my_recorded_signs\can_1753367030.npy,personal,train,1,-1,25,"[0, 0, 0, 0]"
can,3,personal_1753367039,my_recorded_signs\can_1753367039.npy,personal,train,1,-1,25,"[0, 0, 0, 0]"
can,3,personal_1753367050,my_recorded_signs\can_1753367050.npy,personal,train,1,-1,25,"[0, 0, 0, 0]"
can,3,personal_1753367067,my_recorded_signs\can_1753367067.npy,personal,train,1,-1,25,"[0, 0, 0, 0]"
cat,6,personal_1753087072,my_recorded_signs\cat_1753087072.npy,personal,train,1,-1,25,"[0, 0, 0, 0]"
cat,6,personal_1753087081,my_recorded_signs\cat_1753087081.npy,personal,train,1,-1,25,"[0, 0, 0, 0]"
cat,6,personal_1753087089,my_recorded_signs\cat_1753087089.npy,personal,train,1,-1,25,"[0, 0, 0, 0]"
cat,6,personal_1753087097,my_recorded_signs\cat_1753087097.npy,personal,train,1,-1,25,"[0, 0, 0, 0]"
cat,6,personal_1753087105,my_recorded_signs\cat_1753087105.npy,personal,train,1,-1,25,"[0, 0, 0, 0]"
cat,6,personal_1753087115,my_recorded_signs\cat_1753087115.npy,personal,train,1,-1,25,"[0, 0, 0, 0]"
cat,6,personal_1753087124,my_recorded_signs\cat_1753087124.npy,personal,train,1,-1,25,"[0, 0, 0, 0]"
cat,6,personal_1753087134,my_recorded_signs\cat_1753087134.npy,personal,train,1,-1,25,"[0, 0, 0, 0]"
cat,6,personal_1753087143,my_recorded_signs\cat_1753087143.npy,personal,train,1,-1,25,"[0, 0, 0, 0]"
cat,6,personal_1753087155,my_recorded_signs\cat_1753087155.npy,personal,train,1,-1,25,"[0, 0, 0, 0]"
cat,6,personal_1753087193,my_recorded_signs\cat_1753087193.npy,personal,train,1,-1,25,"[0, 0, 0, 0]"
cat,6,personal_1753087202,my_recorded_signs\cat_1753087202.npy,personal,train,1,-1,25,"[0, 0, 0, 0]"
cat,6,personal_1753087224,my_recorded_signs\cat_1753087224.npy,personal,train,1,-1,25,"[0, 0, 0, 0]"
cat,6,personal_1753087233,my_recorded_signs\cat_1753087233.npy,personal,train,1,-1,25,"[0, 0, 0, 0]"
cat,6,personal_1753087244,my_recorded_signs\cat_1753087244.npy,personal,train,1,-1,25,"[0, 0, 0, 0]"
cat,6,personal_1753087254,my_recorded_signs\cat_1753087254.npy,personal,train,1,-1,25,"[0, 0, 0, 0]"
cat,6,personal_1753087264,my_recorded_signs\cat_1753087264.npy,personal,train,1,-1,25,"[0, 0, 0, 0]"
cat,6,personal_1753087273,my_recorded_signs\cat_1753087273.npy,personal,train,1,-1,25,"[0, 0, 0, 0]"
cat,6,personal_1753087283,my_recorded_signs\cat_1753087283.npy,personal,train,1,-1,25,"[0, 0, 0, 0]"
cat,6,personal_1753087292,my_recorded_signs\cat_1753087292.npy,personal,train,1,-1,25,"[0, 0, 0, 0]"
cat,6,personal_1753087302,my_recorded_signs\cat_1753087302.npy,personal,train,1,-1,25,"[0, 0, 0, 0]"
cat,6,personal_1753172292,my_recorded_signs\cat_1753172292.npy,personal,train,1,-1,25,"[0, 0, 0, 0]"
cat,6,personal_1753172306,my_recorded_signs\cat_1753172306.npy,personal,train,1,-1,25,"[0, 0, 0, 0]"
cat,6,personal_1753172316,my_recorded_signs\cat_1753172316.npy,personal,train,1,-1,25,"[0, 0, 0, 0]"
cat,6,personal_1753172326,my_recorded_signs\cat_1753172326.npy,personal,train,1,-1,25,"[0, 0, 0, 0]"
cat,6,personal_1753172335,my_recorded_signs\cat_1753172335.npy,personal,train,1,-1,25,"[0, 0, 0, 0]"
cat,6,personal_1753172344,my_recorded_signs\cat_1753172344.npy,personal,train,1,-1,25,"[0, 0, 0, 0]"
cat,6,personal_1753172353,my_recorded_signs\cat_1753172353.npy,personal,train,1,-1,25,"[0, 0, 0, 0]"
cat,6,personal_1753172363,my_recorded_signs\cat_1753172363.npy,personal,train,1,-1,25,"[0, 0, 0, 0]"
cat,6,personal_1753172371,my_recorded_signs\cat_1753172371.npy,personal,train,1,-1,25,"[0, 0, 0, 0]"
cat,6,personal_1753172380,my_recorded_signs\cat_1753172380.npy,personal,train,1,-1,25,"[0, 0, 0, 0]"
cat,6,personal_1753172390,my_recorded_signs\cat_1753172390.npy,personal,train,1,-1,25,"[0, 0, 0, 0]"
cat,6,personal_1753172399,my_recorded_signs\cat_1753172399.npy,personal,train,1,-1,25,"[0, 0, 0, 0]"
cat,6,personal_1753172408,my_recorded_signs\cat_1753172408.npy,personal,train,1,-1,25,"[0, 0, 0, 0]"
cat,6,personal_1753172418,my_recorded_signs\cat_1753172418.npy,personal,train,1,-1,25,"[0, 0, 0, 0]"
cat,6,personal_1753172430,my_recorded_signs\cat_1753172430.npy,personal,train,1,-1,25,"[0, 0, 0, 0]"
cat,6,personal_1753172440,my_recorded_signs\cat_1753172440.npy,personal,train,1,-1,25,"[0, 0, 0, 0]"
cat,6,personal_1753172449,my_recorded_signs\cat_1753172449.npy,personal,train,1,-1,25,"[0, 0, 0, 0]"
cat,6,personal_1753172462,my_recorded_signs\cat_1753172462.npy,personal,train,1,-1,25,"[0, 0, 0, 0]"
cat,6,personal_1753172470,my_recorded_signs\cat_1753172470.npy,personal,train,1,-1,25,"[0, 0, 0, 0]"
cat,6,personal_1753172479,my_recorded_signs\cat_1753172479.npy,personal,train,1,-1,25,"[0, 0, 0, 0]"
cat,6,personal_1753172486,my_recorded_signs\cat_1753172486.npy,personal,train,1,-1,25,"[0, 0, 0, 0]"
cat,6,personal_1753172495,my_recorded_signs\cat_1753172495.npy,personal,train,1,-1,25,"[0, 0, 0, 0]"
cat,6,personal_1753172505,my_recorded_signs\cat_1753172505.npy,personal,train,1,-1,25,"[0, 0, 0, 0]"
cat,6,personal_1753172514,my_recorded_signs\cat_1753172514.npy,personal,train,1,-1,25,"[0, 0, 0, 0]"
cat,6,personal_1753206359,my_recorded_signs\cat_1753206359.npy,personal,train,1,-1,25,"[0, 0, 0, 0]"
cat,6,personal_1753206368,my_recorded_signs\cat_1753206368.npy,personal,train,1,-1,25,"[0, 0, 0, 0]"
cat,6,personal_1753206377,my_recorded_signs\cat_1753206377.npy,personal,train,1,-1,25,"[0, 0, 0, 0]"
cat,6,personal_1753206386,my_recorded_signs\cat_1753206386.npy,personal,train,1,-1,25,"[0, 0, 0, 0]"
cat,6,personal_1753206395,my_recorded_signs\cat_1753206395.npy,personal,train,1,-1,25,"[0, 0, 0, 0]"
cat,6,personal_1753206404,my_recorded_signs\cat_1753206404.npy,personal,train,1,-1,25,"[0, 0, 0, 0]"
cat,6,personal_1753206412,my_recorded_signs\cat_1753206412.npy,personal,train,1,-1,25,"[0, 0, 0, 0]"
cat,6,personal_1753206421,my_recorded_signs\cat_1753206421.npy,personal,train,1,-1,25,"[0, 0, 0, 0]"
cat,6,personal_1753206431,my_recorded_signs\cat_1753206431.npy,personal,train,1,-1,25,"[0, 0, 0, 0]"
cat,6,personal_1753206440,my_recorded_signs\cat_1753206440.npy,personal,train,1,-1,25,"[0, 0, 0, 0]"
cat,6,personal_1753263033,my_recorded_signs\cat_1753263033.npy,personal,train,1,-1,25,"[0, 0, 0, 0]"
cat,6,personal_1753263044,my_recorded_signs\cat_1753263044.npy,personal,train,1,-1,25,"[0, 0, 0, 0]"
cat,6,personal_1753263052,my_recorded_signs\cat_1753263052.npy,personal,train,1,-1,25,"[0, 0, 0, 0]"
cat,6,personal_1753263060,my_recorded_signs\cat_1753263060.npy,personal,train,1,-1,25,"[0, 0, 0, 0]"
cat,6,personal_1753263068,my_recorded_signs\cat_1753263068.npy,personal,train,1,-1,25,"[0, 0, 0, 0]"
cat,6,personal_1753263076,my_recorded_signs\cat_1753263076.npy,personal,train,1,-1,25,"[0, 0, 0, 0]"
cat,6,personal_1753263084,my_recorded_signs\cat_1753263084.npy,personal,train,1,-1,25,"[0, 0, 0, 0]"
cat,6,personal_1753263092,my_recorded_signs\cat_1753263092.npy,personal,train,1,-1,25,"[0, 0, 0, 0]"
cat,6,personal_1753263101,my_recorded_signs\cat_1753263101.npy,personal,train,1,-1,25,"[0, 0, 0, 0]"
cat,6,personal_1753263109,my_recorded_signs\cat_1753263109.npy,personal,train,1,-1,25,"[0, 0, 0, 0]"
cat,6,personal_1753263119,my_recorded_signs\cat_1753263119.npy,personal,train,1,-1,25,"[0, 0, 0, 0]"
cat,6,personal_1753263129,my_recorded_signs\cat_1753263129.npy,personal,train,1,-1,25,"[0, 0, 0, 0]"
cat,6,personal_1753263137,my_recorded_signs\cat_1753263137.npy,personal,train,1,-1,25,"[0, 0, 0, 0]"
cat,6,personal_1753263146,my_recorded_signs\cat_1753263146.npy,personal,train,1,-1,25,"[0, 0, 0, 0]"
cat,6,personal_1753263155,my_recorded_signs\cat_1753263155.npy,personal,train,1,-1,25,"[0, 0, 0, 0]"
cat,6,personal_1753263164,my_recorded_signs\cat_1753263164.npy,personal,train,1,-1,25,"[0, 0, 0, 0]"
cat,6,personal_1753263173,my_recorded_signs\cat_1753263173.npy,personal,train,1,-1,25,"[0, 0, 0, 0]"
cat,6,personal_1753263183,my_recorded_signs\cat_1753263183.npy,personal,train,1,-1,25,"[0, 0, 0, 0]"
cat,6,personal_1753263193,my_recorded_signs\cat_1753263193.npy,personal,train,1,-1,25,"[0, 0, 0, 0]"
cat,6,personal_1753263202,my_recorded_signs\cat_1753263202.npy,personal,train,1,-1,25,"[0, 0, 0, 0]"
cat,6,personal_1753263211,my_recorded_signs\cat_1753263211.npy,personal,train,1,-1,25,"[0, 0, 0, 0]"
cat,6,personal_1753263220,my_recorded_signs\cat_1753263220.npy,personal,train,1,-1,25,"[0, 0, 0, 0]"
cat,6,personal_1753263231,my_recorded_signs\cat_1753263231.npy,personal,train,1,-1,25,"[0, 0, 0, 0]"
cat,6,personal_1753263240,my_recorded_signs\cat_1753263240.npy,personal,train,1,-1,25,"[0, 0, 0, 0]"
cat,6,personal_1753263249,my_recorded_signs\cat_1753263249.npy,personal,train,1,-1,25,"[0, 0, 0, 0]"
cat,6,personal_1753263258,my_recorded_signs\cat_1753263258.npy,personal,train,1,-1,25,"[0, 0, 0, 0]"
cat,6,personal_1753263267,my_recorded_signs\cat_1753263267.npy,personal,train,1,-1,25,"[0, 0, 0, 0]"
cat,6,personal_1753263276,my_recorded_signs\cat_1753263276.npy,personal,train,1,-1,25,"[0, 0, 0, 0]"
cat,6,personal_1753263285,my_recorded_signs\cat_1753263285.npy,personal,train,1,-1,25,"[0, 0, 0, 0]"
cat,6,personal_1753263294,my_recorded_signs\cat_1753263294.npy,personal,train,1,-1,25,"[0, 0, 0, 0]"
cat,6,personal_1753263303,my_recorded_signs\cat_1753263303.npy,personal,train,1,-1,25,"[0, 0, 0, 0]"
cat,6,personal_1753263313,my_recorded_signs\cat_1753263313.npy,personal,train,1,-1,25,"[0, 0, 0, 0]"
cat,6,personal_1753263322,my_recorded_signs\cat_1753263322.npy,personal,train,1,-1,25,"[0, 0, 0, 0]"
cat,6,personal_1753263331,my_recorded_signs\cat_1753263331.npy,personal,train,1,-1,25,"[0, 0, 0, 0]"
cat,6,personal_1753263341,my_recorded_signs\cat_1753263341.npy,personal,train,1,-1,25,"[0, 0, 0, 0]"
cat,6,personal_1753272527,my_recorded_signs\cat_1753272527.npy,personal,train,1,-1,25,"[0, 0, 0, 0]"
cat,6,personal_1753272572,my_recorded_signs\cat_1753272572.npy,personal,train,1,-1,25,"[0, 0, 0, 0]"
cat,6,personal_1753272583,my_recorded_signs\cat_1753272583.npy,personal,train,1,-1,25,"[0, 0, 0, 0]"
cat,6,personal_1753272592,my_recorded_signs\cat_1753272592.npy,personal,train,1,-1,25,"[0, 0, 0, 0]"
cat,6,personal_1753272602,my_recorded_signs\cat_1753272602.npy,personal,train,1,-1,25,"[0, 0, 0, 0]"
cat,6,personal_1753272611,my_recorded_signs\cat_1753272611.npy,personal,train,1,-1,25,"[0, 0, 0, 0]"
cat,6,personal_1753272620,my_recorded_signs\cat_1753272620.npy,personal,train,1,-1,25,"[0, 0, 0, 0]"
cat,6,personal_1753272628,my_recorded_signs\cat_1753272628.npy,personal,train,1,-1,25,"[0, 0, 0, 0]"
cat,6,personal_1753272637,my_recorded_signs\cat_1753272637.npy,personal,train,1,-1,25,"[0, 0, 0, 0]"
cat,6,personal_1753272647,my_recorded_signs\cat_1753272647.npy,personal,train,1,-1,25,"[0, 0, 0, 0]"
cat,6,personal_1753272656,my_recorded_signs\cat_1753272656.npy,personal,train,1,-1,25,"[0, 0, 0, 0]"
cat,6,personal_1753272667,my_recorded_signs\cat_1753272667.npy,personal,train,1,-1,25,"[0, 0, 0, 0]"
cat,6,personal_1753272677,my_recorded_signs\cat_1753272677.npy,personal,train,1,-1,25,"[0, 0, 0, 0]"
cat,6,personal_1753272688,my_recorded_signs\cat_1753272688.npy,personal,train,1,-1,25,"[0, 0, 0, 0]"
cat,6,personal_1753272704,my_recorded_signs\cat_1753272704.npy,personal,train,1,-1,25,"[0, 0, 0, 0]"
cat,6,personal_1753272713,my_recorded_signs\cat_1753272713.npy,personal,train,1,-1,25,"[0, 0, 0, 0]"
cat,6,personal_1753272722,my_recorded_signs\cat_1753272722.npy,personal,train,1,-1,25,"[0, 0, 0, 0]"
cat,6,personal_1753272732,my_recorded_signs\cat_1753272732.npy,personal,train,1,-1,25,"[0, 0, 0, 0]"
cat,6,personal_1753272741,my_recorded_signs\cat_1753272741.npy,personal,train,1,-1,25,"[0, 0, 0, 0]"
cat,6,personal_1753272751,my_recorded_signs\cat_1753272751.npy,personal,train,1,-1,25,"[0, 0, 0, 0]"
cat,6,personal_1753272762,my_recorded_signs\cat_1753272762.npy,personal,train,1,-1,25,"[0, 0, 0, 0]"
cat,6,personal_1753272775,my_recorded_signs\cat_1753272775.npy,personal,train,1,-1,25,"[0, 0, 0, 0]"
cat,6,personal_1753272785,my_recorded_signs\cat_1753272785.npy,personal,train,1,-1,25,"[0, 0, 0, 0]"
cat,6,personal_1753272796,my_recorded_signs\cat_1753272796.npy,personal,train,1,-1,25,"[0, 0, 0, 0]"
cat,6,personal_1753272807,my_recorded_signs\cat_1753272807.npy,personal,train,1,-1,25,"[0, 0, 0, 0]"
cat,6,personal_1753272817,my_recorded_signs\cat_1753272817.npy,personal,train,1,-1,25,"[0, 0, 0, 0]"
cat,6,personal_1753367412,my_recorded_signs\cat_1753367412.npy,personal,train,1,-1,25,"[0, 0, 0, 0]"
cat,6,personal_1753367421,my_recorded_signs\cat_1753367421.npy,personal,train,1,-1,25,"[0, 0, 0, 0]"
cat,6,personal_1753367435,my_recorded_signs\cat_1753367435.npy,personal,train,1,-1,25,"[0, 0, 0, 0]"
cat,6,personal_1753367446,my_recorded_signs\cat_1753367446.npy,personal,train,1,-1,25,"[0, 0, 0, 0]"
cat,6,personal_1753367454,my_recorded_signs\cat_1753367454.npy,personal,train,1,-1,25,"[0, 0, 0, 0]"
cat,6,personal_1753367463,my_recorded_signs\cat_1753367463.npy,personal,train,1,-1,25,"[0, 0, 0, 0]"
cat,6,personal_1753367472,my_recorded_signs\cat_1753367472.npy,personal,train,1,-1,25,"[0, 0, 0, 0]"
cat,6,personal_1753367483,my_recorded_signs\cat_1753367483.npy,personal,train,1,-1,25,"[0, 0, 0, 0]"
cat,6,personal_1753367493,my_recorded_signs\cat_1753367493.npy,personal,train,1,-1,25,"[0, 0, 0, 0]"
chair,0,personal_1753085287,my_recorded_signs\chair_1753085287.npy,personal,train,1,-1,25,"[0, 0, 0, 0]"
chair,0,personal_1753085321,my_recorded_signs\chair_1753085321.npy,personal,train,1,-1,25,"[0, 0, 0, 0]"
chair,0,personal_1753085340,my_recorded_signs\chair_1753085340.npy,personal,train,1,-1,25,"[0, 0, 0, 0]"
chair,0,personal_1753085356,my_recorded_signs\chair_1753085356.npy,personal,train,1,-1,25,"[0, 0, 0, 0]"
chair,0,personal_1753085373,my_recorded_signs\chair_1753085373.npy,personal,train,1,-1,25,"[0, 0, 0, 0]"
chair,0,personal_1753085385,my_recorded_signs\chair_1753085385.npy,personal,train,1,-1,25,"[0, 0, 0, 0]"
chair,0,personal_1753085397,my_recorded_signs\chair_1753085397.npy,personal,train,1,-1,25,"[0, 0, 0, 0]"
chair,0,personal_1753085418,my_recorded_signs\chair_1753085418.npy,personal,train,1,-1,25,"[0, 0, 0, 0]"
chair,0,personal_1753085441,my_recorded_signs\chair_1753085441.npy,personal,train,1,-1,25,"[0, 0, 0, 0]"
chair,0,personal_1753085454,my_recorded_signs\chair_1753085454.npy,personal,train,1,-1,25,"[0, 0, 0, 0]"
chair,0,personal_1753085471,my_recorded_signs\chair_1753085471.npy,personal,train,1,-1,25,"[0, 0, 0, 0]"
chair,0,personal_1753085483,my_recorded_signs\chair_1753085483.npy,personal,train,1,-1,25,"[0, 0, 0, 0]"
chair,0,personal_1753085495,my_recorded_signs\chair_1753085495.npy,personal,train,1,-1,25,"[0, 0, 0, 0]"
chair,0,personal_1753085515,my_recorded_signs\chair_1753085515.npy,personal,train,1,-1,25,"[0, 0, 0, 0]"
chair,0,personal_1753085531,my_recorded_signs\chair_1753085531.npy,personal,train,1,-1,25,"[0, 0, 0, 0]"
chair,0,personal_1753171870,my_recorded_signs\chair_1753171870.npy,personal,train,1,-1,25,"[0, 0, 0, 0]"
chair,0,personal_1753171890,my_recorded_signs\chair_1753171890.npy,personal,train,1,-1,25,"[0, 0, 0, 0]"
chair,0,personal_1753171899,my_recorded_signs\chair_1753171899.npy,personal,train,1,-1,25,"[0, 0, 0, 0]"
chair,0,personal_1753171908,my_recorded_signs\chair_1753171908.npy,personal,train,1,-1,25,"[0, 0, 0, 0]"
chair,0,personal_1753171918,my_recorded_signs\chair_1753171918.npy,personal,train,1,-1,25,"[0, 0, 0, 0]"
chair,0,personal_1753171927,my_recorded_signs\chair_1753171927.npy,personal,train,1,-1,25,"[0, 0, 0, 0]"
chair,0,personal_1753171937,my_recorded_signs\chair_1753171937.npy,personal,train,1,-1,25,"[0, 0, 0, 0]"
chair,0,personal_1753171945,my_recorded_signs\chair_1753171945.npy,personal,train,1,-1,25,"[0, 0, 0, 0]"
chair,0,personal_1753171954,my_recorded_signs\chair_1753171954.npy,personal,train,1,-1,25,"[0, 0, 0, 0]"
chair,0,personal_1753171963,my_recorded_signs\chair_1753171963.npy,personal,train,1,-1,25,"[0, 0, 0, 0]"
chair,0,personal_1753171976,my_recorded_signs\chair_1753171976.npy,personal,train,1,-1,25,"[0, 0, 0, 0]"
chair,0,personal_1753171985,my_recorded_signs\chair_1753171985.npy,personal,train,1,-1,25,"[0, 0, 0, 0]"
chair,0,personal_1753171994,my_recorded_signs\chair_1753171994.npy,personal,train,1,-1,25,"[0, 0, 0, 0]"
chair,0,personal_1753172003,my_recorded_signs\chair_1753172003.npy,personal,train,1,-1,25,"[0, 0, 0, 0]"
chair,0,personal_1753172013,my_recorded_signs\chair_1753172013.npy,personal,train,1,-1,25,"[0, 0, 0, 0]"
chair,0,personal_1753172022,my_recorded_signs\chair_1753172022.npy,personal,train,1,-1,25,"[0, 0, 0, 0]"
chair,0,personal_1753172030,my_recorded_signs\chair_1753172030.npy,personal,train,1,-1,25,"[0, 0, 0, 0]"
chair,0,personal_1753206977,my_recorded_signs\chair_1753206977.npy,personal,train,1,-1,25,"[0, 0, 0, 0]"
chair,0,personal_1753206986,my_recorded_signs\chair_1753206986.npy,personal,train,1,-1,25,"[0, 0, 0, 0]"
chair,0,personal_1753206994,my_recorded_signs\chair_1753206994.npy,personal,train,1,-1,25,"[0, 0, 0, 0]"
chair,0,personal_1753207003,my_recorded_signs\chair_1753207003.npy,personal,train,1,-1,25,"[0, 0, 0, 0]"
chair,0,personal_1753207012,my_recorded_signs\chair_1753207012.npy,personal,train,1,-1,25,"[0, 0, 0, 0]"
chair,0,personal_1753366491,my_recorded_signs\chair_1753366491.npy,personal,train,1,-1,25,"[0, 0, 0, 0]"
chair,0,personal_1753366500,my_recorded_signs\chair_1753366500.npy,personal,train,1,-1,25,"[0, 0, 0, 0]"
chair,0,personal_1753366508,my_recorded_signs\chair_1753366508.npy,personal,train,1,-1,25,"[0, 0, 0, 0]"
chair,0,personal_1753366516,my_recorded_signs\chair_1753366516.npy,personal,train,1,-1,25,"[0, 0, 0, 0]"
chair,0,personal_1753366526,my_recorded_signs\chair_1753366526.npy,personal,train,1,-1,25,"[0, 0, 0, 0]"
chair,0,personal_1753366535,my_recorded_signs\chair_1753366535.npy,personal,train,1,-1,25,"[0, 0, 0, 0]"
chair,0,personal_1753366544,my_recorded_signs\chair_1753366544.npy,personal,train,1,-1,25,"[0, 0, 0, 0]"
chair,0,personal_1753366553,my_recorded_signs\chair_1753366553.npy,personal,train,1,-1,25,"[0, 0, 0, 0]"
chair,0,personal_1753366562,my_recorded_signs\chair_1753366562.npy,personal,train,1,-1,25,"[0, 0, 0, 0]"
chair,0,personal_1753366571,my_recorded_signs\chair_1753366571.npy,personal,train,1,-1,25,"[0, 0, 0, 0]"
chair,0,personal_1753366579,my_recorded_signs\chair_1753366579.npy,personal,train,1,-1,25,"[0, 0, 0, 0]"
chair,0,personal_1753366588,my_recorded_signs\chair_1753366588.npy,personal,train,1,-1,25,"[0, 0, 0, 0]"
chair,0,personal_1753366596,my_recorded_signs\chair_1753366596.npy,personal,train,1,-1,25,"[0, 0, 0, 0]"
chair,0,personal_1753366609,my_recorded_signs\chair_1753366609.npy,personal,train,1,-1,25,"[0, 0, 0, 0]"
chair,0,personal_1753366617,my_recorded_signs\chair_1753366617.npy,personal,train,1,-1,25,"[0, 0, 0, 0]"
chair,0,personal_1753366626,my_recorded_signs\chair_1753366626.npy,personal,train,1,-1,25,"[0, 0, 0, 0]"
chair,0,personal_1753366635,my_recorded_signs\chair_1753366635.npy,personal,train,1,-1,25,"[0, 0, 0, 0]"
child,8,personal_1753174998,my_recorded_signs\child_1753174998.npy,personal,train,1,-1,25,"[0, 0, 0, 0]"
child,8,personal_1753175009,my_recorded_signs\child_1753175009.npy,personal,train,1,-1,25,"[0, 0, 0, 0]"
child,8,personal_1753175016,my_recorded_signs\child_1753175016.npy,personal,train,1,-1,25,"[0, 0, 0, 0]"
child,8,personal_1753175025,my_recorded_signs\child_1753175025.npy,personal,train,1,-1,25,"[0, 0, 0, 0]"
child,8,personal_1753175033,my_recorded_signs\child_1753175033.npy,personal,train,1,-1,25,"[0, 0, 0, 0]"
child,8,personal_1753175041,my_recorded_signs\child_1753175041.npy,personal,train,1,-1,25,"[0, 0, 0, 0]"
child,8,personal_1753175050,my_recorded_signs\child_1753175050.npy,personal,train,1,-1,25,"[0, 0, 0, 0]"
child,8,personal_1753175059,my_recorded_signs\child_1753175059.npy,personal,train,1,-1,25,"[0, 0, 0, 0]"
child,8,personal_1753175068,my_recorded_signs\child_1753175068.npy,personal,train,1,-1,25,"[0, 0, 0, 0]"
child,8,personal_1753175076,my_recorded_signs\child_1753175076.npy,personal,train,1,-1,25,"[0, 0, 0, 0]"
child,8,personal_1753175085,my_recorded_signs\child_1753175085.npy,personal,train,1,-1,25,"[0, 0, 0, 0]"
child,8,personal_1753175093,my_recorded_signs\child_1753175093.npy,personal,train,1,-1,25,"[0, 0, 0, 0]"
child,8,personal_1753175102,my_recorded_signs\child_1753175102.npy,personal,train,1,-1,25,"[0, 0, 0, 0]"
child,8,personal_1753175110,my_recorded_signs\child_1753175110.npy,personal,train,1,-1,25,"[0, 0, 0, 0]"
child,8,personal_1753175127,my_recorded_signs\child_1753175127.npy,personal,train,1,-1,25,"[0, 0, 0, 0]"
child,8,personal_1753175136,my_recorded_signs\child_1753175136.npy,personal,train,1,-1,25,"[0, 0, 0, 0]"
child,8,personal_1753175144,my_recorded_signs\child_1753175144.npy,personal,train,1,-1,25,"[0, 0, 0, 0]"
child,8,personal_1753175152,my_recorded_signs\child_1753175152.npy,personal,train,1,-1,25,"[0, 0, 0, 0]"
child,8,personal_1753175160,my_recorded_signs\child_1753175160.npy,personal,train,1,-1,25,"[0, 0, 0, 0]"
child,8,personal_1753175168,my_recorded_signs\child_1753175168.npy,personal,train,1,-1,25,"[0, 0, 0, 0]"
child,8,personal_1753175177,my_recorded_signs\child_1753175177.npy,personal,train,1,-1,25,"[0, 0, 0, 0]"
child,8,personal_1753175184,my_recorded_signs\child_1753175184.npy,personal,train,1,-1,25,"[0, 0, 0, 0]"
child,8,personal_1753175194,my_recorded_signs\child_1753175194.npy,personal,train,1,-1,25,"[0, 0, 0, 0]"
child,8,personal_1753175203,my_recorded_signs\child_1753175203.npy,personal,train,1,-1,25,"[0, 0, 0, 0]"
child,8,personal_1753175212,my_recorded_signs\child_1753175212.npy,personal,train,1,-1,25,"[0, 0, 0, 0]"
child,8,personal_1753175221,my_recorded_signs\child_1753175221.npy,personal,train,1,-1,25,"[0, 0, 0, 0]"
child,8,personal_1753175230,my_recorded_signs\child_1753175230.npy,personal,train,1,-1,25,"[0, 0, 0, 0]"
child,8,personal_1753175239,my_recorded_signs\child_1753175239.npy,personal,train,1,-1,25,"[0, 0, 0, 0]"
child,8,personal_1753175249,my_recorded_signs\child_1753175249.npy,personal,train,1,-1,25,"[0, 0, 0, 0]"
child,8,personal_1753175258,my_recorded_signs\child_1753175258.npy,personal,train,1,-1,25,"[0, 0, 0, 0]"
child,8,personal_1753175268,my_recorded_signs\child_1753175268.npy,personal,train,1,-1,25,"[0, 0, 0, 0]"
child,8,personal_1753175277,my_recorded_signs\child_1753175277.npy,personal,train,1,-1,25,"[0, 0, 0, 0]"
child,8,personal_1753208132,my_recorded_signs\child_1753208132.npy,personal,train,1,-1,25,"[0, 0, 0, 0]"
child,8,personal_1753208143,my_recorded_signs\child_1753208143.npy,personal,train,1,-1,25,"[0, 0, 0, 0]"
child,8,personal_1753208152,my_recorded_signs\child_1753208152.npy,personal,train,1,-1,25,"[0, 0, 0, 0]"
child,8,personal_1753208161,my_recorded_signs\child_1753208161.npy,personal,train,1,-1,25,"[0, 0, 0, 0]"
child,8,personal_1753208170,my_recorded_signs\child_1753208170.npy,personal,train,1,-1,25,"[0, 0, 0, 0]"
child,8,personal_1753208179,my_recorded_signs\child_1753208179.npy,personal,train,1,-1,25,"[0, 0, 0, 0]"
child,8,personal_1753208187,my_recorded_signs\child_1753208187.npy,personal,train,1,-1,25,"[0, 0, 0, 0]"
child,8,personal_1753208196,my_recorded_signs\child_1753208196.npy,personal,train,1,-1,25,"[0, 0, 0, 0]"
child,8,personal_1753208204,my_recorded_signs\child_1753208204.npy,personal,train,1,-1,25,"[0, 0, 0, 0]"
child,8,personal_1753208213,my_recorded_signs\child_1753208213.npy,personal,train,1,-1,25,"[0, 0, 0, 0]"
child,8,personal_1753208221,my_recorded_signs\child_1753208221.npy,personal,train,1,-1,25,"[0, 0, 0, 0]"
child,8,personal_1753208229,my_recorded_signs\child_1753208229.npy,personal,train,1,-1,25,"[0, 0, 0, 0]"
child,8,personal_1753208239,my_recorded_signs\child_1753208239.npy,personal,train,1,-1,25,"[0, 0, 0, 0]"
child,8,personal_1753208247,my_recorded_signs\child_1753208247.npy,personal,train,1,-1,25,"[0, 0, 0, 0]"
child,8,personal_1753208256,my_recorded_signs\child_1753208256.npy,personal,train,1,-1,25,"[0, 0, 0, 0]"
child,8,personal_1753208266,my_recorded_signs\child_1753208266.npy,personal,train,1,-1,25,"[0, 0, 0, 0]"
child,8,personal_1753208275,my_recorded_signs\child_1753208275.npy,personal,train,1,-1,25,"[0, 0, 0, 0]"
child,8,personal_1753208284,my_recorded_signs\child_1753208284.npy,personal,train,1,-1,25,"[0, 0, 0, 0]"
child,8,personal_1753208295,my_recorded_signs\child_1753208295.npy,personal,train,1,-1,25,"[0, 0, 0, 0]"
child,8,personal_1753208303,my_recorded_signs\child_1753208303.npy,personal,train,1,-1,25,"[0, 0, 0, 0]"
child,8,personal_1753208315,my_recorded_signs\child_1753208315.npy,personal,train,1,-1,25,"[0, 0, 0, 0]"
child,8,personal_1753263792,my_recorded_signs\child_1753263792.npy,personal,train,1,-1,25,"[0, 0, 0, 0]"
child,8,personal_1753263801,my_recorded_signs\child_1753263801.npy,personal,train,1,-1,25,"[0, 0, 0, 0]"
child,8,personal_1753263809,my_recorded_signs\child_1753263809.npy,personal,train,1,-1,25,"[0, 0, 0, 0]"
child,8,personal_1753263817,my_recorded_signs\child_1753263817.npy,personal,train,1,-1,25,"[0, 0, 0, 0]"
child,8,personal_1753263825,my_recorded_signs\child_1753263825.npy,personal,train,1,-1,25,"[0, 0, 0, 0]"
child,8,personal_1753263834,my_recorded_signs\child_1753263834.npy,personal,train,1,-1,25,"[0, 0, 0, 0]"
child,8,personal_1753263843,my_recorded_signs\child_1753263843.npy,personal,train,1,-1,25,"[0, 0, 0, 0]"
child,8,personal_1753263851,my_recorded_signs\child_1753263851.npy,personal,train,1,-1,25,"[0, 0, 0, 0]"
child,8,personal_1753263860,my_recorded_signs\child_1753263860.npy,personal,train,1,-1,25,"[0, 0, 0, 0]"
child,8,personal_1753263868,my_recorded_signs\child_1753263868.npy,personal,train,1,-1,25,"[0, 0, 0, 0]"
child,8,personal_1753263878,my_recorded_signs\child_1753263878.npy,personal,train,1,-1,25,"[0, 0, 0, 0]"
child,8,personal_1753263887,my_recorded_signs\child_1753263887.npy,personal,train,1,-1,25,"[0, 0, 0, 0]"
child,8,personal_1753263896,my_recorded_signs\child_1753263896.npy,personal,train,1,-1,25,"[0, 0, 0, 0]"
child,8,personal_1753263905,my_recorded_signs\child_1753263905.npy,personal,train,1,-1,25,"[0, 0, 0, 0]"
child,8,personal_1753263914,my_recorded_signs\child_1753263914.npy,personal,train,1,-1,25,"[0, 0, 0, 0]"
child,8,personal_1753263923,my_recorded_signs\child_1753263923.npy,personal,train,1,-1,25,"[0, 0, 0, 0]"
child,8,personal_1753263933,my_recorded_signs\child_1753263933.npy,personal,train,1,-1,25,"[0, 0, 0, 0]"
child,8,personal_1753263943,my_recorded_signs\child_1753263943.npy,personal,train,1,-1,25,"[0, 0, 0, 0]"
child,8,personal_1753263953,my_recorded_signs\child_1753263953.npy,personal,train,1,-1,25,"[0, 0, 0, 0]"
child,8,personal_1753272883,my_recorded_signs\child_1753272883.npy,personal,train,1,-1,25,"[0, 0, 0, 0]"
child,8,personal_1753272892,my_recorded_signs\child_1753272892.npy,personal,train,1,-1,25,"[0, 0, 0, 0]"
child,8,personal_1753272903,my_recorded_signs\child_1753272903.npy,personal,train,1,-1,25,"[0, 0, 0, 0]"
child,8,personal_1753272914,my_recorded_signs\child_1753272914.npy,personal,train,1,-1,25,"[0, 0, 0, 0]"
child,8,personal_1753272924,my_recorded_signs\child_1753272924.npy,personal,train,1,-1,25,"[0, 0, 0, 0]"
child,8,personal_1753272934,my_recorded_signs\child_1753272934.npy,personal,train,1,-1,25,"[0, 0, 0, 0]"
child,8,personal_1753273064,my_recorded_signs\child_1753273064.npy,personal,train,1,-1,25,"[0, 0, 0, 0]"
child,8,personal_1753273073,my_recorded_signs\child_1753273073.npy,personal,train,1,-1,25,"[0, 0, 0, 0]"
child,8,personal_1753273082,my_recorded_signs\child_1753273082.npy,personal,train,1,-1,25,"[0, 0, 0, 0]"
child,8,personal_1753273091,my_recorded_signs\child_1753273091.npy,personal,train,1,-1,25,"[0, 0, 0, 0]"
child,8,personal_1753273104,my_recorded_signs\child_1753273104.npy,personal,train,1,-1,25,"[0, 0, 0, 0]"
child,8,personal_1753273135,my_recorded_signs\child_1753273135.npy,personal,train,1,-1,25,"[0, 0, 0, 0]"
child,8,personal_1753273166,my_recorded_signs\child_1753273166.npy,personal,train,1,-1,25,"[0, 0, 0, 0]"
child,8,personal_1753273180,my_recorded_signs\child_1753273180.npy,personal,train,1,-1,25,"[0, 0, 0, 0]"
child,8,personal_1753273188,my_recorded_signs\child_1753273188.npy,personal,train,1,-1,25,"[0, 0, 0, 0]"
child,8,personal_1753273198,my_recorded_signs\child_1753273198.npy,personal,train,1,-1,25,"[0, 0, 0, 0]"
child,8,personal_1753273208,my_recorded_signs\child_1753273208.npy,personal,train,1,-1,25,"[0, 0, 0, 0]"
child,8,personal_1753273219,my_recorded_signs\child_1753273219.npy,personal,train,1,-1,25,"[0, 0, 0, 0]"
child,8,personal_1753273230,my_recorded_signs\child_1753273230.npy,personal,train,1,-1,25,"[0, 0, 0, 0]"
child,8,personal_1753273239,my_recorded_signs\child_1753273239.npy,personal,train,1,-1,25,"[0, 0, 0, 0]"
child,8,personal_1753367664,my_recorded_signs\child_1753367664.npy,personal,train,1,-1,25,"[0, 0, 0, 0]"
child,8,personal_1753367672,my_recorded_signs\child_1753367672.npy,personal,train,1,-1,25,"[0, 0, 0, 0]"
child,8,personal_1753367681,my_recorded_signs\child_1753367681.npy,personal,train,1,-1,25,"[0, 0, 0, 0]"
child,8,personal_1753367689,my_recorded_signs\child_1753367689.npy,personal,train,1,-1,25,"[0, 0, 0, 0]"
child,8,personal_1753367698,my_recorded_signs\child_1753367698.npy,personal,train,1,-1,25,"[0, 0, 0, 0]"
child,8,personal_1753367707,my_recorded_signs\child_1753367707.npy,personal,train,1,-1,25,"[0, 0, 0, 0]"
child,8,personal_1753367716,my_recorded_signs\child_1753367716.npy,personal,train,1,-1,25,"[0, 0, 0, 0]"
cold,7,personal_1753087366,my_recorded_signs\cold_1753087366.npy,personal,train,1,-1,25,"[0, 0, 0, 0]"
cold,7,personal_1753087374,my_recorded_signs\cold_1753087374.npy,personal,train,1,-1,25,"[0, 0, 0, 0]"
cold,7,personal_1753087383,my_recorded_signs\cold_1753087383.npy,personal,train,1,-1,25,"[0, 0, 0, 0]"
cold,7,personal_1753087391,my_recorded_signs\cold_1753087391.npy,personal,train,1,-1,25,"[0, 0, 0, 0]"
cold,7,personal_1753087400,my_recorded_signs\cold_1753087400.npy,personal,train,1,-1,25,"[0, 0, 0, 0]"
cold,7,personal_1753087409,my_recorded_signs\cold_1753087409.npy,personal,train,1,-1,25,"[0, 0, 0, 0]"
cold,7,personal_1753087418,my_recorded_signs\cold_1753087418.npy,personal,train,1,-1,25,"[0, 0, 0, 0]"
cold,7,personal_1753087428,my_recorded_signs\cold_1753087428.npy,personal,train,1,-1,25,"[0, 0, 0, 0]"
cold,7,personal_1753087437,my_recorded_signs\cold_1753087437.npy,personal,train,1,-1,25,"[0, 0, 0, 0]"
cold,7,personal_1753087448,my_recorded_signs\cold_1753087448.npy,personal,train,1,-1,25,"[0, 0, 0, 0]"
cold,7,personal_1753087457,my_recorded_signs\cold_1753087457.npy,personal,train,1,-1,25,"[0, 0, 0, 0]"
cold,7,personal_1753087466,my_recorded_signs\cold_1753087466.npy,personal,train,1,-1,25,"[0, 0, 0, 0]"
cold,7,personal_1753087478,my_recorded_signs\cold_1753087478.npy,personal,train,1,-1,25,"[0, 0, 0, 0]"
cold,7,personal_1753087494,my_recorded_signs\cold_1753087494.npy,personal,train,1,-1,25,"[0, 0, 0, 0]"
cold,7,personal_1753087502,my_recorded_signs\cold_1753087502.npy,personal,train,1,-1,25,"[0, 0, 0, 0]"
cold,7,personal_1753087510,my_recorded_signs\cold_1753087510.npy,personal,train,1,-1,25,"[0, 0, 0, 0]"
cold,7,personal_1753087519,my_recorded_signs\cold_1753087519.npy,personal,train,1,-1,25,"[0, 0, 0, 0]"
cold,7,personal_1753087528,my_recorded_signs\cold_1753087528.npy,personal,train,1,-1,25,"[0, 0, 0, 0]"
cold,7,personal_1753172528,my_recorded_signs\cold_1753172528.npy,personal,train,1,-1,25,"[0, 0, 0, 0]"
cold,7,personal_1753172537,my_recorded_signs\cold_1753172537.npy,personal,train,1,-1,25,"[0, 0, 0, 0]"
cold,7,personal_1753172546,my_recorded_signs\cold_1753172546.npy,personal,train,1,-1,25,"[0, 0, 0, 0]"
cold,7,personal_1753174197,my_recorded_signs\cold_1753174197.npy,personal,train,1,-1,25,"[0, 0, 0, 0]"
cold,7,personal_1753174209,my_recorded_signs\cold_1753174209.npy,personal,train,1,-1,25,"[0, 0, 0, 0]"
cold,7,personal_1753174220,my_recorded_signs\cold_1753174220.npy,personal,train,1,-1,25,"[0, 0, 0, 0]"
cold,7,personal_1753174231,my_recorded_signs\cold_1753174231.npy,personal,train,1,-1,25,"[0, 0, 0, 0]"
cold,7,personal_1753174250,my_recorded_signs\cold_1753174250.npy,personal,train,1,-1,25,"[0, 0, 0, 0]"
cold,7,personal_1753174265,my_recorded_signs\cold_1753174265.npy,personal,train,1,-1,25,"[0, 0, 0, 0]"
cold,7,personal_1753174274,my_recorded_signs\cold_1753174274.npy,personal,train,1,-1,25,"[0, 0, 0, 0]"
cold,7,personal_1753174283,my_recorded_signs\cold_1753174283.npy,personal,train,1,-1,25,"[0, 0, 0, 0]"
cold,7,personal_1753174293,my_recorded_signs\cold_1753174293.npy,personal,train,1,-1,25,"[0, 0, 0, 0]"
cold,7,personal_1753174301,my_recorded_signs\cold_1753174301.npy,personal,train,1,-1,25,"[0, 0, 0, 0]"
cold,7,personal_1753174310,my_recorded_signs\cold_1753174310.npy,personal,train,1,-1,25,"[0, 0, 0, 0]"
cold,7,personal_1753174320,my_recorded_signs\cold_1753174320.npy,personal,train,1,-1,25,"[0, 0, 0, 0]"
cold,7,personal_1753174329,my_recorded_signs\cold_1753174329.npy,personal,train,1,-1,25,"[0, 0, 0, 0]"
cold,7,personal_1753174338,my_recorded_signs\cold_1753174338.npy,personal,train,1,-1,25,"[0, 0, 0, 0]"
cold,7,personal_1753174347,my_recorded_signs\cold_1753174347.npy,personal,train,1,-1,25,"[0, 0, 0, 0]"
cold,7,personal_1753206239,my_recorded_signs\cold_1753206239.npy,personal,train,1,-1,25,"[0, 0, 0, 0]"
cold,7,personal_1753206248,my_recorded_signs\cold_1753206248.npy,personal,train,1,-1,25,"[0, 0, 0, 0]"
cold,7,personal_1753206258,my_recorded_signs\cold_1753206258.npy,personal,train,1,-1,25,"[0, 0, 0, 0]"
cold,7,personal_1753206289,my_recorded_signs\cold_1753206289.npy,personal,train,1,-1,25,"[0, 0, 0, 0]"
cold,7,personal_1753206300,my_recorded_signs\cold_1753206300.npy,personal,train,1,-1,25,"[0, 0, 0, 0]"
cold,7,personal_1753206309,my_recorded_signs\cold_1753206309.npy,personal,train,1,-1,25,"[0, 0, 0, 0]"
cold,7,personal_1753206320,my_recorded_signs\cold_1753206320.npy,personal,train,1,-1,25,"[0, 0, 0, 0]"
cold,7,personal_1753206329,my_recorded_signs\cold_1753206329.npy,personal,train,1,-1,25,"[0, 0, 0, 0]"
cold,7,personal_1753206339,my_recorded_signs\cold_1753206339.npy,personal,train,1,-1,25,"[0, 0, 0, 0]"
cold,7,personal_1753206348,my_recorded_signs\cold_1753206348.npy,personal,train,1,-1,25,"[0, 0, 0, 0]"
cold,7,personal_1753263631,my_recorded_signs\cold_1753263631.npy,personal,train,1,-1,25,"[0, 0, 0, 0]"
cold,7,personal_1753263639,my_recorded_signs\cold_1753263639.npy,personal,train,1,-1,25,"[0, 0, 0, 0]"
cold,7,personal_1753263648,my_recorded_signs\cold_1753263648.npy,personal,train,1,-1,25,"[0, 0, 0, 0]"
cold,7,personal_1753263657,my_recorded_signs\cold_1753263657.npy,personal,train,1,-1,25,"[0, 0, 0, 0]"
cold,7,personal_1753263666,my_recorded_signs\cold_1753263666.npy,personal,train,1,-1,25,"[0, 0, 0, 0]"
cold,7,personal_1753263675,my_recorded_signs\cold_1753263675.npy,personal,train,1,-1,25,"[0, 0, 0, 0]"
cold,7,personal_1753263684,my_recorded_signs\cold_1753263684.npy,personal,train,1,-1,25,"[0, 0, 0, 0]"
cold,7,personal_1753263694,my_recorded_signs\cold_1753263694.npy,personal,train,1,-1,25,"[0, 0, 0, 0]"
cold,7,personal_1753263703,my_recorded_signs\cold_1753263703.npy,personal,train,1,-1,25,"[0, 0, 0, 0]"
cold,7,personal_1753263713,my_recorded_signs\cold_1753263713.npy,personal,train,1,-1,25,"[0, 0, 0, 0]"
cold,7,personal_1753263722,my_recorded_signs\cold_1753263722.npy,personal,train,1,-1,25,"[0, 0, 0, 0]"
cold,7,personal_1753263733,my_recorded_signs\cold_1753263733.npy,personal,train,1,-1,25,"[0, 0, 0, 0]"
cold,7,personal_1753263741,my_recorded_signs\cold_1753263741.npy,personal,train,1,-1,25,"[0, 0, 0, 0]"
cold,7,personal_1753263749,my_recorded_signs\cold_1753263749.npy,personal,train,1,-1,25,"[0, 0, 0, 0]"
cold,7,personal_1753263757,my_recorded_signs\cold_1753263757.npy,personal,train,1,-1,25,"[0, 0, 0, 0]"
cold,7,personal_1753263765,my_recorded_signs\cold_1753263765.npy,personal,train,1,-1,25,"[0, 0, 0, 0]"
cold,7,personal_1753263774,my_recorded_signs\cold_1753263774.npy,personal,train,1,-1,25,"[0, 0, 0, 0]"
cold,7,personal_1753263782,my_recorded_signs\cold_1753263782.npy,personal,train,1,-1,25,"[0, 0, 0, 0]"
cold,7,personal_1753367505,my_recorded_signs\cold_1753367505.npy,personal,train,1,-1,25,"[0, 0, 0, 0]"
cold,7,personal_1753367513,my_recorded_signs\cold_1753367513.npy,personal,train,1,-1,25,"[0, 0, 0, 0]"
cold,7,personal_1753367521,my_recorded_signs\cold_1753367521.npy,personal,train,1,-1,25,"[0, 0, 0, 0]"
cold,7,personal_1753367530,my_recorded_signs\cold_1753367530.npy,personal,train,1,-1,25,"[0, 0, 0, 0]"
cold,7,personal_1753367538,my_recorded_signs\cold_1753367538.npy,personal,train,1,-1,25,"[0, 0, 0, 0]"
cold,7,personal_1753367547,my_recorded_signs\cold_1753367547.npy,personal,train,1,-1,25,"[0, 0, 0, 0]"
cold,7,personal_1753367555,my_recorded_signs\cold_1753367555.npy,personal,train,1,-1,25,"[0, 0, 0, 0]"
cold,7,personal_1753367569,my_recorded_signs\cold_1753367569.npy,personal,train,1,-1,25,"[0, 0, 0, 0]"
cold,7,personal_1753367578,my_recorded_signs\cold_1753367578.npy,personal,train,1,-1,25,"[0, 0, 0, 0]"
cold,7,personal_1753367587,my_recorded_signs\cold_1753367587.npy,personal,train,1,-1,25,"[0, 0, 0, 0]"
cold,7,personal_1753367595,my_recorded_signs\cold_1753367595.npy,personal,train,1,-1,25,"[0, 0, 0, 0]"
come,9,personal_1753087544,my_recorded_signs\come_1753087544.npy,personal,train,1,-1,25,"[0, 0, 0, 0]"
come,9,personal_1753087553,my_recorded_signs\come_1753087553.npy,personal,train,1,-1,25,"[0, 0, 0, 0]"
come,9,personal_1753087561,my_recorded_signs\come_1753087561.npy,personal,train,1,-1,25,"[0, 0, 0, 0]"
come,9,personal_1753087569,my_recorded_signs\come_1753087569.npy,personal,train,1,-1,25,"[0, 0, 0, 0]"
come,9,personal_1753087579,my_recorded_signs\come_1753087579.npy,personal,train,1,-1,25,"[0, 0, 0, 0]"
come,9,personal_1753087589,my_recorded_signs\come_1753087589.npy,personal,train,1,-1,25,"[0, 0, 0, 0]"
come,9,personal_1753087597,my_recorded_signs\come_1753087597.npy,personal,train,1,-1,25,"[0, 0, 0, 0]"
come,9,personal_1753087606,my_recorded_signs\come_1753087606.npy,personal,train,1,-1,25,"[0, 0, 0, 0]"
come,9,personal_1753087614,my_recorded_signs\come_1753087614.npy,personal,train,1,-1,25,"[0, 0, 0, 0]"
come,9,personal_1753087630,my_recorded_signs\come_1753087630.npy,personal,train,1,-1,25,"[0, 0, 0, 0]"
come,9,personal_1753087639,my_recorded_signs\come_1753087639.npy,personal,train,1,-1,25,"[0, 0, 0, 0]"
come,9,personal_1753087648,my_recorded_signs\come_1753087648.npy,personal,train,1,-1,25,"[0, 0, 0, 0]"
come,9,personal_1753087657,my_recorded_signs\come_1753087657.npy,personal,train,1,-1,25,"[0, 0, 0, 0]"
come,9,personal_1753087667,my_recorded_signs\come_1753087667.npy,personal,train,1,-1,25,"[0, 0, 0, 0]"
come,9,personal_1753087676,my_recorded_signs\come_1753087676.npy,personal,train,1,-1,25,"[0, 0, 0, 0]"
come,9,personal_1753087687,my_recorded_signs\come_1753087687.npy,personal,train,1,-1,25,"[0, 0, 0, 0]"
come,9,personal_1753087696,my_recorded_signs\come_1753087696.npy,personal,train,1,-1,25,"[0, 0, 0, 0]"
come,9,personal_1753087707,my_recorded_signs\come_1753087707.npy,personal,train,1,-1,25,"[0, 0, 0, 0]"
come,9,personal_1753206777,my_recorded_signs\come_1753206777.npy,personal,train,1,-1,25,"[0, 0, 0, 0]"
come,9,personal_1753206786,my_recorded_signs\come_1753206786.npy,personal,train,1,-1,25,"[0, 0, 0, 0]"
come,9,personal_1753206794,my_recorded_signs\come_1753206794.npy,personal,train,1,-1,25,"[0, 0, 0, 0]"
come,9,personal_1753206804,my_recorded_signs\come_1753206804.npy,personal,train,1,-1,25,"[0, 0, 0, 0]"
come,9,personal_1753206813,my_recorded_signs\come_1753206813.npy,personal,train,1,-1,25,"[0, 0, 0, 0]"
come,9,personal_1753206822,my_recorded_signs\come_1753206822.npy,personal,train,1,-1,25,"[0, 0, 0, 0]"
come,9,personal_1753206831,my_recorded_signs\come_1753206831.npy,personal,train,1,-1,25,"[0, 0, 0, 0]"
come,9,personal_1753206841,my_recorded_signs\come_1753206841.npy,personal,train,1,-1,25,"[0, 0, 0, 0]"
come,9,personal_1753206849,my_recorded_signs\come_1753206849.npy,personal,train,1,-1,25,"[0, 0, 0, 0]"
come,9,personal_1753206865,my_recorded_signs\come_1753206865.npy,personal,train,1,-1,25,"[0, 0, 0, 0]"
come,9,personal_1753262044,my_recorded_signs\come_1753262044.npy,personal,train,1,-1,25,"[0, 0, 0, 0]"
come,9,personal_1753262052,my_recorded_signs\come_1753262052.npy,personal,train,1,-1,25,"[0, 0, 0, 0]"
come,9,personal_1753262061,my_recorded_signs\come_1753262061.npy,personal,train,1,-1,25,"[0, 0, 0, 0]"
come,9,personal_1753262070,my_recorded_signs\come_1753262070.npy,personal,train,1,-1,25,"[0, 0, 0, 0]"
come,9,personal_1753262079,my_recorded_signs\come_1753262079.npy,personal,train,1,-1,25,"[0, 0, 0, 0]"
come,9,personal_1753262087,my_recorded_signs\come_1753262087.npy,personal,train,1,-1,25,"[0, 0, 0, 0]"
come,9,personal_1753262096,my_recorded_signs\come_1753262096.npy,personal,train,1,-1,25,"[0, 0, 0, 0]"
come,9,personal_1753262105,my_recorded_signs\come_1753262105.npy,personal,train,1,-1,25,"[0, 0, 0, 0]"
come,9,personal_1753262115,my_recorded_signs\come_1753262115.npy,personal,train,1,-1,25,"[0, 0, 0, 0]"
come,9,personal_1753262125,my_recorded_signs\come_1753262125.npy,personal,train,1,-1,25,"[0, 0, 0, 0]"
come,9,personal_1753262135,my_recorded_signs\come_1753262135.npy,personal,train,1,-1,25,"[0, 0, 0, 0]"
come,9,personal_1753262144,my_recorded_signs\come_1753262144.npy,personal,train,1,-1,25,"[0, 0, 0, 0]"
come,9,personal_1753262158,my_recorded_signs\come_1753262158.npy,personal,train,1,-1,25,"[0, 0, 0, 0]"
come,9,personal_1753262167,my_recorded_signs\come_1753262167.npy,personal,train,1,-1,25,"[0, 0, 0, 0]"
come,9,personal_1753262176,my_recorded_signs\come_1753262176.npy,personal,train,1,-1,25,"[0, 0, 0, 0]"
come,9,personal_1753262184,my_recorded_signs\come_1753262184.npy,personal,train,1,-1,25,"[0, 0, 0, 0]"
come,9,personal_1753262193,my_recorded_signs\come_1753262193.npy,personal,train,1,-1,25,"[0, 0, 0, 0]"
come,9,personal_1753262202,my_recorded_signs\come_1753262202.npy,personal,train,1,-1,25,"[0, 0, 0, 0]"
come,9,personal_1753262210,my_recorded_signs\come_1753262210.npy,personal,train,1,-1,25,"[0, 0, 0, 0]"
come,9,personal_1753262218,my_recorded_signs\come_1753262218.npy,personal,train,1,-1,25,"[0, 0, 0, 0]"
come,9,personal_1753262226,my_recorded_signs\come_1753262226.npy,personal,train,1,-1,25,"[0, 0, 0, 0]"
come,9,personal_1753262236,my_recorded_signs\come_1753262236.npy,personal,train,1,-1,25,"[0, 0, 0, 0]"
come,9,personal_1753262244,my_recorded_signs\come_1753262244.npy,personal,train,1,-1,25,"[0, 0, 0, 0]"
come,9,personal_1753262253,my_recorded_signs\come_1753262253.npy,personal,train,1,-1,25,"[0, 0, 0, 0]"
come,9,personal_1753262261,my_recorded_signs\come_1753262261.npy,personal,train,1,-1,25,"[0, 0, 0, 0]"
come,9,personal_1753273473,my_recorded_signs\come_1753273473.npy,personal,train,1,-1,25,"[0, 0, 0, 0]"
come,9,personal_1753273483,my_recorded_signs\come_1753273483.npy,personal,train,1,-1,25,"[0, 0, 0, 0]"
come,9,personal_1753273493,my_recorded_signs\come_1753273493.npy,personal,train,1,-1,25,"[0, 0, 0, 0]"
come,9,personal_1753273503,my_recorded_signs\come_1753273503.npy,personal,train,1,-1,25,"[0, 0, 0, 0]"
come,9,personal_1753273512,my_recorded_signs\come_1753273512.npy,personal,train,1,-1,25,"[0, 0, 0, 0]"
come,9,personal_1753273522,my_recorded_signs\come_1753273522.npy,personal,train,1,-1,25,"[0, 0, 0, 0]"
come,9,personal_1753273532,my_recorded_signs\come_1753273532.npy,personal,train,1,-1,25,"[0, 0, 0, 0]"
come,9,personal_1753273543,my_recorded_signs\come_1753273543.npy,personal,train,1,-1,25,"[0, 0, 0, 0]"
come,9,personal_1753273554,my_recorded_signs\come_1753273554.npy,personal,train,1,-1,25,"[0, 0, 0, 0]"
come,9,personal_1753273563,my_recorded_signs\come_1753273563.npy,personal,train,1,-1,25,"[0, 0, 0, 0]"
come,9,personal_1753273572,my_recorded_signs\come_1753273572.npy,personal,train,1,-1,25,"[0, 0, 0, 0]"
come,9,personal_1753273580,my_recorded_signs\come_1753273580.npy,personal,train,1,-1,25,"[0, 0, 0, 0]"
come,9,personal_1753273589,my_recorded_signs\come_1753273589.npy,personal,train,1,-1,25,"[0, 0, 0, 0]"
come,9,personal_1753273615,my_recorded_signs\come_1753273615.npy,personal,train,1,-1,25,"[0, 0, 0, 0]"
come,9,personal_1753273627,my_recorded_signs\come_1753273627.npy,personal,train,1,-1,25,"[0, 0, 0, 0]"
come,9,personal_1753273636,my_recorded_signs\come_1753273636.npy,personal,train,1,-1,25,"[0, 0, 0, 0]"
come,9,personal_1753273650,my_recorded_signs\come_1753273650.npy,personal,train,1,-1,25,"[0, 0, 0, 0]"
come,9,personal_1753273660,my_recorded_signs\come_1753273660.npy,personal,train,1,-1,25,"[0, 0, 0, 0]"
come,9,personal_1753273680,my_recorded_signs\come_1753273680.npy,personal,train,1,-1,25,"[0, 0, 0, 0]"
come,9,personal_1753273689,my_recorded_signs\come_1753273689.npy,personal,train,1,-1,25,"[0, 0, 0, 0]"
come,9,personal_1753273702,my_recorded_signs\come_1753273702.npy,personal,train,1,-1,25,"[0, 0, 0, 0]"
come,9,personal_1753273711,my_recorded_signs\come_1753273711.npy,personal,train,1,-1,25,"[0, 0, 0, 0]"
come,9,personal_1753273723,my_recorded_signs\come_1753273723.npy,personal,train,1,-1,25,"[0, 0, 0, 0]"
come,9,personal_1753273734,my_recorded_signs\come_1753273734.npy,personal,train,1,-1,25,"[0, 0, 0, 0]"
come,9,personal_1753273744,my_recorded_signs\come_1753273744.npy,personal,train,1,-1,25,"[0, 0, 0, 0]"
come,9,personal_1753273754,my_recorded_signs\come_1753273754.npy,personal,train,1,-1,25,"[0, 0, 0, 0]"
come,9,personal_1753273765,my_recorded_signs\come_1753273765.npy,personal,train,1,-1,25,"[0, 0, 0, 0]"
come,9,personal_1753273775,my_recorded_signs\come_1753273775.npy,personal,train,1,-1,25,"[0, 0, 0, 0]"
come,9,personal_1753273786,my_recorded_signs\come_1753273786.npy,personal,train,1,-1,25,"[0, 0, 0, 0]"
come,9,personal_1753273798,my_recorded_signs\come_1753273798.npy,personal,train,1,-1,25,"[0, 0, 0, 0]"
come,9,personal_1753273810,my_recorded_signs\come_1753273810.npy,personal,train,1,-1,25,"[0, 0, 0, 0]"
come,9,personal_1753367611,my_recorded_signs\come_1753367611.npy,personal,train,1,-1,25,"[0, 0, 0, 0]"
come,9,personal_1753367619,my_recorded_signs\come_1753367619.npy,personal,train,1,-1,25,"[0, 0, 0, 0]"
come,9,personal_1753367627,my_recorded_signs\come_1753367627.npy,personal,train,1,-1,25,"[0, 0, 0, 0]"
come,9,personal_1753367636,my_recorded_signs\come_1753367636.npy,personal,train,1,-1,25,"[0, 0, 0, 0]"
come,9,personal_1753367644,my_recorded_signs\come_1753367644.npy,personal,train,1,-1,25,"[0, 0, 0, 0]"
come,9,personal_1753367652,my_recorded_signs\come_1753367652.npy,personal,train,1,-1,25,"[0, 0, 0, 0]"
